Paper Name,Citation,Cohort,Gait Task,High-pass filter (settings),ASR (Yes/No),ASR cut-off,IC-selection method,IC-selection threshold,Supporting quote - High-pass,Supporting quote - ASR,Supporting quote - ASR threshold,Supporting quote - IC-selection method,Supporting quote - IC-selection threshold,Filename,Notes / Cross-validation flags
Electrocortical theta activity may reflect sensory prediction errors during adaptation to a gradual gait perturbation,"Jacobsen, N.A., et al., 2024",HA,Treadmill walking,"1 Hz (zero-phase, 2nd order, Butterworth)",No,,"ICLabel (automated classifier by Pion-Tonachini); Dipole/residual-variance (selection based on equivalent-dipole fit or residual variance threshold, e.g. RV < 15%)",reject IC if P(brain) < 0.5,"- ""Data were high-pass filtered at 1 Hz (zero-phase, 2nd order, Butterworth) to attenuate slow drift.""","- ""On average, 119 channels (±6 SD) and 95% of frames remained in each dataset.""
  - ""We used clean_artifacts to reject noisy time windows and channels (from clean_rawdata v2.91) (Kothe, Miyakoshi & Delorme, 2019).""
  - ""we used a data cleaning algorithm called iCanClean that uses strategically placed reference channels to remove noisy EEG subspaces""","- ""On average, 119 channels (±6 SD) and 95% of frames remained in each dataset.""
  - ""We used clean_artifacts to reject noisy time windows and channels (from clean_rawdata v2.91) (Kothe, Miyakoshi & Delorme, 2019).""
  - ""Further details of how iCanClean was applied to this dataset were previously described in Jacobsen & Ferris (2023).""
  - ""iCanClean uses canonical correlation analysis to detect and reject components from the scalp channels that are highly correlated with components from the noise and muscle channels.""
  - ""we used a data cleaning algorithm called iCanClean that uses strategically placed reference channels to remove noisy EEG subspaces""","- ""After source localization, we excluded artifact components based on the following criteria: positive power spectral density slope (linear slope [2-40 Hz] >0), high residual variance (>15%), localization outside the skull, low probability (<50%) of being a brain component per ICLabel (Pion-Tonachini, Kreutz-Delgado & Makeig, 2019), and high cross-frequency power-power coupling [quantified with PowPowCat ; Thammasan & Miyakoshi, 2020] in specific frequency bands that are characteristic of eye and muscle components [correlation coefficient >0.3 in low (<8 Hz) and high (>30 Hz) frequency windows].""
  - ""We used adaptive mixture independent component analysis to decompose the preprocessed EEG data, which amounted to an average of 50 minutes/person, into maximally independent components""","- ""After source localization, we excluded artifact components based on the following criteria: positive power spectral density slope (linear slope [2-40 Hz] >0), high residual variance (>15%), localization outside the skull, low probability (<50%) of being a brain component per ICLabel (Pion-Tonachini, Kreutz-Delgado & Makeig, 2019), and high cross-frequency power-power coupling [quantified with PowPowCat ; Thammasan & Miyakoshi, 2020] in specific frequency bands that are characteristic of eye and muscle components [correlation coefficient >0.3 in low (<8 Hz) and high (>30 Hz) frequency windows].""",PMC11162180.pdf,
Study of the Brain Functional Connectivity Processes During Multi-Movement States of the Lower Limbs,"Wei, P., et al., 2024",HA,Treadmill walking,0.1 Hz,Yes,10 SD,Other automated (Infomax),,"- ""All the EEG channels were bandpass-filtered at 0.1-50 Hz.""
  - ""The signal processing was performed in Matlab R2016b and plug-in toolbox EEGLAB (http://www.sccn.ucsd.edu/eeglab/, (accessed on 15 September 2024)) [26].""
  - ""Channels with standard deviation > 1000 µV and kurtosis more than 5 standard deviations from the mean were removed [14].""
  - ""Then, the remaining channels were channel average re-referenced.""
  - ""Subsequently, the EEGLAB tool-box plug-in of Artifact Subspace Reconstruction (ASR) was applied to remove muscle movements and electrode-shift-related artifacts [27].""
  - ""The ocular-related components were excluded by the independent component analysis (ICA) method [28].""","- ""the EEG channels were reconstructed using the mixing matrix which is calculated from the baseline data.""
  - ""The ASR algorithm identified the channels with movement artifacts using principal component analysis.""
  - ""Subsequently, the EEGLAB tool-box plug-in of Artifact Subspace Reconstruction (ASR) was applied to remove muscle movements and electrode-shift-related artifacts""","- ""The ASR algorithm identified the channels with movement artifacts using principal component analysis. Thereafter, the EEG channels were reconstructed using the mixing matrix which is calculated from the baseline data. The channel would be removed if flat for more than 5 seconds. The threshold of channel cross-correlation was set at 0.7. The SD value for repair bursts using ASR was set at 10.""","- ""The ocular-related components were excluded by the independent component analysis (ICA) method [28]. The ocular correction ICA was conducted in Analyzer 2.0 software, which is developed by Brain Products Company (www.brainproducts.com, (accessed on 15 September 2024)). The ICA algorithm we used was Infomax.""","- ""The ocular-related components were excluded by the independent component analysis (ICA) method [28]. The ocular correction ICA was conducted in Analyzer 2.0 software, which is developed by Brain Products Company (www.brainproducts.com, (accessed on 15 September 2024)). The ICA algorithm we used was Infomax.""",PMC11548552.pdf,
Exploring Electrocortical Signatures of Gait Adaptation: Differential Neural Dynamics in Slow and Fast Gait Adapters,"Jacobsen, N.A., et al., 2024",HA,Treadmill walking,"1 Hz (zero-phase, second-order, Butterworth)",No,,"Dipole/residual-variance, Other automated",,"- ""Data were high-pass filtered at 1 Hz (zero-phase, second-order, Butterworth) to mitigate slow drift.""","- ""We used three cleaning cycles to attenuate stationary noise, nonstationary noise, and muscle artifacts.""
  - ""The clean_artifacts() tool clean_rawdata() (v 2.91, default parameters) was used to reject noisy time windows and channels (Kothe et al., 2019).""
  - ""To diminish motion and muscle artifacts, we used the iCanClean algorithm (Downey and Ferris, 2023), employing canonical correlation analysis for effective noise reduction.""","- ""The clean_artifacts() tool clean_rawdata() (v 2.91, default parameters) was used to reject noisy time windows and channels (Kothe et al., 2019).""
  - ""Bad channels were excluded based on statistical criteria: probability (absolute threshold = 5), standard deviation (SD > 500), and kurtosis (absolute threshold = 5; Gwin et al., 2011).""
  - ""We used three cleaning cycles to attenuate stationary noise, nonstationary noise, and muscle artifacts. In the first cycle, we removed components of scalp and EMG channels that correlated with components from noise channels in an infinite window (R 2 = 0.05). The second cycle similarly removed subspaces of noise components but within a 2 s window (R 2 = 0.95). In the last cycle, we removed components of scalp channels that correlated with components from the EMG channels in a 2 s window (R 2 = 0.95).""
  - ""To diminish motion and muscle artifacts, we used the iCanClean algorithm (Downey and Ferris, 2023), employing canonical correlation analysis for effective noise reduction.""","- ""Clustering relied on two equally weighted spatial features, scalp topography and dipole location, excluding time-frequency features to avoid potential false-positive rate inflation (Kriegeskorte et al., 2009).""
  - ""When multiple components per participant were present within a cluster, the components explaining the greatest variance (i.e., the lowest independent component order number) were chosen to prevent artificial sample size inflation.""
  - ""Component data were downsampled to 256 Hz, and an equivalent dipole model for each independent component was computed using custom head models and FieldTrip software (v20210614, RRID:SCR_004849; Oostenveld et al., 2011).""
  - ""An average of 21 (±7 SDs) components per participant was used for group clustering via k-means.""
  - ""The preprocessed EEG data, averaging 50 min per person, was decomposed using adaptive mixture independent component analysis (Palmer et al., 2012).""","- ""On average, 119 channels (±6 SDs) and 95% of frames were retained in each dataset.""
  - ""The clean_artifacts() tool clean_rawdata() (v 2.91, default parameters) was used to reject noisy time windows and channels (Kothe et al., 2019).""
  - ""Bad channels were excluded based on statistical criteria: probability (absolute threshold = 5), standard deviation (SD > 500), and kurtosis (absolute threshold = 5; Gwin et al., 2011).""
  - ""We used three cleaning cycles to attenuate stationary noise, nonstationary noise, and muscle artifacts. In the first cycle, we removed components of scalp and EMG channels that correlated with components from noise channels in an infinite window (R 2 = 0.05).""",PMC11242882.pdf,
The speed and phase of locomotion dictate saccade probability and simultaneous low-frequency power spectra,"Barnes, L., et al., 2024",HA,Overground walking,0.1 Hz,No,,No ICA,,"- ""During pre-processing, EEGs were re-referenced to the average of A1 and A2, and bandpass-filtered between 0.1 and 40 Hz prior to epoching per trial.""
  - ""Electrode impedances were kept below 20 kΩ during recording, sampled at 300 Hz and referenced online to Pz.""","- ""Outliers were identified for exclusion when the epoch standard deviation exceeded 1.5 interquartile ranges above or below the upper and lower quartiles of the distribution of epoch standard deviations across all trials.""
  - ""For all EEG analyses we corrected for multiple comparisons using non-parametric cluster-based permutation tests (Maris & Oostenveld, 2007).""
  - ""Bad channels were removed with pyprep deviation and correlation metrics.""","- ""Outliers were identified for exclusion when the epoch standard deviation exceeded 1.5 interquartile ranges above or below the upper and lower quartiles of the distribution of epoch standard deviations across all trials.""
  - ""Bad channels were removed with pyprep deviation and correlation metrics.""","- ""For all EEG analyses we corrected for multiple comparisons using non-parametric cluster-based permutation tests (Maris & Oostenveld, 2007).""
  - ""Bad channels were removed with pyprep deviation and correlation metrics.""","- ""Outliers were identified for exclusion when the epoch standard deviation exceeded 1.5 interquartile ranges above or below the upper and lower quartiles of the distribution of epoch standard deviations across all trials.""
  - ""Bad channels were removed with pyprep deviation and correlation metrics.""",PMC11845409.pdf,
Cortical Correlates of Gait Compensation Strategies in Parkinson Disease,"Tosserams, A., et al., 2022",PwPD,Treadmill walking,"2 Hz (finite impulse response filter, Hamming window, zero-phase shift)",Yes,15 SD,Dipole/residual-variance; Manual/visual,dipole residual variance < 15%,"- ""EEG data were bandpass filtered between 2 and 200Hz (5,120th order finite impulse response filter, Hamming window, zero-phase shift) and downsampled to 512Hz.""","- ""The clean_rawdata plugin (v2.3) from EEGLAB was used to reject channels with low correlation (<0.6) with neighboring channels and to correct for bursts of highamplitude activity (eg, muscle artifacts) using artifact subspace reconstruction (ASR v0.13; threshold: standard deviation [SD] = 15).""","- ""The clean_rawdata plugin (v2.3) from EEGLAB was used to reject channels with low correlation (<0.6) with neighboring channels and to correct for bursts of highamplitude activity (eg, muscle artifacts) using artifact subspace reconstruction (ASR v0.13; threshold: standard deviation [SD] = 15).""","- ""Independent components with an associated equivalent current dipole and a residual variance of <15% were visually inspected considering their mean power spectra to exclude nonbrain activity.""
  - ""independent components were clustered across participants. Feature vectors were created by concatenating information about the location of the corresponding equivalent current dipole, the scalp projection, and the mean power spectral density (3-48Hz, across all conditions).""
  - ""Only clusters containing independent components from more than half of the participants (n > 9) were considered for further analysis.""","- ""Independent components with an associated equivalent current dipole and a residual variance of <15% were visually inspected considering their mean power spectra to exclude nonbrain activity.""",PMC9306676.pdf,
Cortical networks of parkinsonian gait: a metabolic and functional connectivity study,"Pellegrini, F., et al., 2024",PwPD,Overground walking,1 Hz (zero-phase forward and reverse second-order digital band-pass Butterworth filter),Yes,,Manual/visual,,"- ""EEG data were resampled to 125 Hz, zero-phase lowpass-filtered at 45 Hz, and highpass-filtered at 1 Hz (zero-phase forward and reverse second-order digital band-pass Butterworth filter).""
  - ""Line noise was eliminated using a zero-phase bandstop filter with stop band between 47 and 53 Hz.""","- ""Artifactual segments were removed for independent component analysis (ICA) but were preserved for subsequent analyses to grant for the continuity of the data.""
  - ""As a further cleaning step, we applied artifact subspace reconstruction.""","- ""Then we conducted ICA using runica 17 and visually detected and rejected eye, heart, and muscle components.""
  - ""Artifactual segments were removed for independent component analysis (ICA) but were preserved for subsequent analyses to grant for the continuity of the data.""
  - ""Artifactual channels were replaced with spherical spline interpolation on the scalp.""
  - ""Artifactual channels and segments were identified using automated artifact rejection.""","- ""As a further cleaning step, we applied artifact subspace reconstruction.""
  - ""To remove eye movements from the data, we regressed out the time series of the two electrodes closest to the eyes (FP1 and FP2) from the time series of all other electrodes.""","- ""we applied artifact subspace reconstruction. 16 Then we conducted ICA using runica 17 and visually detected and rejected eye, heart, and muscle components.""
  - ""Due to severe artifact contamination, we excluded one subject from the cortical analysis (N3).""
  - ""The EEG data were then re-referenced to a common-average reference.""
  - ""we conducted ICA using runica 17 and visually detected and rejected eye, heart, and muscle components.""
  - ""To identify the kinematics variable related to PD symptoms severity, we correlated kinematic measurements with the clinical scores (i.e., UPDRS-III meds-off) with Pearson's correlation.""",PMC11514930.pdf,
Frequency-dependent modulation of neural oscillations across the gait cycle,"Zhao, M., et al., 2022",HA,Treadmill walking,1 Hz,No,,"Other automated (e.g. kurtosis, ADJUST, MARA, correlation-based)",Not reported (the paper describes artifact attenuation methods but does not specify a probability threshold or decision rule for IC selection),"- ""We first corrected the hdEEG data for bad channels (Guarnieri et al., 2018), digitally filtered them in the band [1-80] Hz and downsampled them to 200 Hz.""
  - ""Then, we applied the multi-step blind source separation (BSS) approach that we presented in one of our recent studies (Zhao et al., 2021) to minimize the impact of ocular, movement and myogenic artifacts that were mixed in the hdEEG signals.""","- ""Specifically, artifact attenuation was either not performed (Gwin et al., 2011;Nathan & Contreras-Vidal, 2016;Oliveira et al., 2017;Seeber et al., 2014;Seeber et al., 2015;Wagner et al., 2016), or single-step BSS was used to attenuate ocular, movement and myogenic artifacts that were mixed in the EEG recordings (An et al., 2019;Artoni et al., 2017;Bradford et al., 2016;Cortney Bradford et al., 2019;Gwin et al., 2011;Snyder et al., 2015), It has, however, been shown that, since BSS methods perform differently when separating the different kinds of artifacts (Barban et al., 2021;Fitzgibbon et al., 2007), the use of a single BSS method is suboptimal (Barban et al., 2021;Zhao et al., 2021).""
  - ""In previous EEG studies conducted in walking participants, the problem of movement and myogenic artifacts has been often overlooked.""
  - ""In the present study, we employed a novel multi-step BSS approach that attenuated different kinds of artifacts with artifact-specific filtering methods and classification parameters to minimize the impact of these artifacts in our mobile hdEEG data (Zhao et al., 2021).""
  - ""Then, we applied the multi-step blind source separation (BSS) approach that we presented in one of our recent studies (Zhao et al., 2021) to minimize the impact of ocular, movement and myogenic artifacts that were mixed in the hdEEG signals.""
  - ""We first corrected the hdEEG data for bad channels (Guarnieri et al., 2018), digitally filtered them in the band [1-80] Hz and downsampled them to 200 Hz.""","- ""We first corrected the hdEEG data for bad channels (Guarnieri et al., 2018), digitally filtered them in the band [1-80] Hz and downsampled them to 200 Hz. Then, we applied the multi-step blind source separation (BSS) approach that we presented in one of our recent studies (Zhao et al., 2021) to minimize the impact of ocular, movement and myogenic artifacts that were mixed in the hdEEG signals.""
  - ""in the first step, we decomposed the data using FastICA-defl (Hyvarinen, 1999), and the components with maximum kurtosis (calculated in a 5-s sliding window) greater than 12 were considered as ocular artifacts.""
  - ""In the second step, we decomposed the data using FastICA-symm (Hyvarinen, 1999), and the components with mean sample entropy (calculated in a 20-s sliding window) lower than 0.8 were considered as movement artifacts.""
  - ""In the last step, we decomposed the data using independent vector analysis (Anderson et al., 2011), and the components with a gamma band (30-80 Hz) to a whole band (1-80 Hz) power ratio higher than 0.5 were classified as myogenic artifacts.""
  - ""In the present study, we employed a novel multi-step BSS approach that attenuated different kinds of artifacts with artifact-specific filtering methods and classification parameters to minimize the impact of these artifacts in our mobile hdEEG data (Zhao et al., 2021).""","- ""in the first step, we decomposed the data using FastICA-defl (Hyvarinen, 1999), and the components with maximum kurtosis (calculated in a 5-s sliding window) greater than 12 were considered as ocular artifacts.""
  - ""In the last step, we decomposed the data using independent vector analysis (Anderson et al., 2011), and the components with a gamma band (30-80 Hz) to a whole band (1-80 Hz) power ratio higher than 0.5 were classified as myogenic artifacts.""
  - ""In the second step, we decomposed the data using FastICA-symm (Hyvarinen, 1999), and the components with mean sample entropy (calculated in a 20-s sliding window) lower than 0.8 were considered as movement artifacts.""
  - ""Each step in the approach addressed one of the three artifact categories using a specific BSS method and an optimized artifact classification parameter.""
  - ""we applied the multi-step blind source separation (BSS) approach that we presented in one of our recent studies (Zhao et al., 2021) to minimize the impact of ocular, movement and myogenic artifacts that were mixed in the hdEEG signals.""","- ""in the first step, we decomposed the data using FastICA-defl (Hyvarinen, 1999), and the components with maximum kurtosis (calculated in a 5-s sliding window) greater than 12 were considered as ocular artifacts.""
  - ""In the second step, we decomposed the data using FastICA-symm (Hyvarinen, 1999), and the components with mean sample entropy (calculated in a 20-s sliding window) lower than 0.8 were considered as movement artifacts.""
  - ""In the last step, we decomposed the data using independent vector analysis (Anderson et al., 2011), and the components with a gamma band (30-80 Hz) to a whole band (1-80 Hz) power ratio higher than 0.5 were classified as myogenic artifacts.""",PMC9248303.pdf,"Author/year duplicate (Zhao, M. et al., 2022 appears twice in corpus — this is the 'frequency-dependent modulation across gait cycle' paper). Cohort/gait confirmed via filename-matched Elicit extraction; unambiguous on technical fields."
Auditory Cue Effects on Gait-Phase-Dependent Electroencephalogram (EEG) Modulations during Overground and Treadmill Walking,"Tharawadeepimu, K., et al., 2024",HA,Treadmill walking and Overground walking,"0.5 Hz, fourth-order Butterworth filter",No,,Manual/visual,,"- ""The raw EEGs were bandpass-filtered (within the range of 0.5-100 Hz for delta band, 4.5-100 Hz for theta band, 8-100 Hz for alpha band, and 13-100 Hz for beta band, using a fourth-order Butterworth filter),""
  - ""the EEG data were low-pass-filtered (using 4 Hz cutoff for delta band, 7.5 Hz cutoff for theta band, 12 Hz cutoff for alpha band, and 30 Hz cutoff for beta band, using a fourth-order Butterworth filter).""
  - ""These two filters were used for preparation of EEG data before using ICA algorithms, which greatly improved the quality of artifact separation""","- ""The FastICA algorithm effectively addresses ocular originated artifacts and glossokinetic artifacts, respectively""
  - ""The fast and highly efficient fixed-point fastICA algorithm was specifically utilized in this study to separate original signals from artifacts present in contaminated EEG signals.""","- ""to identify brain and non-brain sources mixing in the EEGs, the preprocessed EEG data were decomposed using ICA using a ""fastICA"" algorithm.""
  - ""This process can remove the artifact ICs, which included two ICs originating from ocular, one IC from glossokinetic, and two ICs from muscular activity during walkingrelated movement""
  - ""The fast and highly efficient fixed-point fastICA algorithm was specifically utilized in this study to separate original signals from artifacts present in contaminated EEG signals.""","- ""The FastICA algorithm effectively addresses ocular originated artifacts and glossokinetic artifacts, respectively""
  - ""The fast and highly efficient fixed-point fastICA algorithm was specifically utilized in this study to separate original signals from artifacts present in contaminated EEG signals.""
  - ""This process can remove the artifact ICs, which included two ICs originating from ocular, one IC from glossokinetic, and two ICs from muscular activity during walkingrelated movement""
  - ""Next, to identify brain and non-brain sources mixing in the EEGs, the preprocessed EEG data were decomposed using ICA using a ""fastICA"" algorithm.""","- ""The fast and highly efficient fixed-point fastICA algorithm was specifically utilized in this study to separate original signals from artifacts present in contaminated EEG signals.""
  - ""This process can remove the artifact ICs, which included two ICs originating from ocular, one IC from glossokinetic, and two ICs from muscular activity during walkingrelated movement""
  - ""Next, to identify brain and non-brain sources mixing in the EEGs, the preprocessed EEG data were decomposed using ICA using a ""fastICA"" algorithm.""",PMC10934684.pdf,
Association between gait speed deterioration and EEG abnormalities,"Garcı´a-Agustin, D., et al., 2024",HA,Overground walking,0.3 Hz,No,,Manual/visual,,"- ""The following acquisition parameters were employed: gain of 10 000, pass-band filters between 0.3-30 Hz, sampling rate of 200 Hz, noise level of 2 μV RMS and environmental temperature of approximately 23˚C.""","- ""The Z-transformed statistic was used to compare each participant's BBSP against the normative data.""
  - ""About 24 segments obtained from each participant were submitted to a quantitative frequency analysis using a Fast Fourier Transform (FFT).""
  - ""After a standard visual evaluation, a quantitative analysis of the EEG was carried out on the recording of each participant. An expert electroencephalographer (DGA) manually selected artefact-free segments of 2.56 s in duration from eyes-closed periods.""","- ""a quantitative analysis of the EEG was carried out on the recording of each participant. An expert electroencephalographer (DGA) manually selected artefact-free segments of 2.56 s in duration from eyes-closed periods.""
  - ""The Z-transformed statistic was used to compare each participant's BBSP against the normative data. This transformation expresses the distance between an individual BBSP and the average BBSP of the normal population for the participant's age. The distance is measured in values of standard deviations (SD), where | Z | > 1.96 indicates that the variable is outside the range of the normal population with a 5% risk of error (p<0.05).""
  - ""a participant's BBSP was classified as abnormal if the absolute Z value of the AP for any frequency band was above 1.96.""","- ""An expert electroencephalographer (DGA) manually selected artefact-free segments of 2.56 s in duration from eyes-closed periods.""
  - ""After a standard visual evaluation, a quantitative analysis of the EEG was carried out on the recording of each participant.""
  - ""The Z-transformed statistic was used to compare each participant's BBSP against the normative data.""
  - ""About 24 segments obtained from each participant were submitted to a quantitative frequency analysis using a Fast Fourier Transform (FFT).""","- ""After a standard visual evaluation, a quantitative analysis of the EEG was carried out on the recording of each participant. An expert electroencephalographer (DGA) manually selected artefact-free segments of 2.56 s in duration from eyes-closed periods.""
  - ""The Z-transformed statistic was used to compare each participant's BBSP against the normative data. This transformation expresses the distance between an individual BBSP and the average BBSP of the normal population for the participant's age. The distance is measured in values of standard deviations (SD), where | Z | > 1.96 indicates that the variable is outside the range of the normal population with a 5% risk of error (p<0.05). Therefore, a participant's BBSP was classified as abnormal if the absolute Z value of the AP for any frequency band was above 1.96.""",PMC11149873.pdf,
"Brain Networks Modulation during Simple and Complex Gait: A ""Mobile Brain/Body Imaging"" Study","Bonassi, G., et al., 2024",HA,Overground walking,1 Hz,Maybe,,No ICA,,"- ""Data preprocessing included bad-channel correction, filtering in the frequency band [1-80 Hz], and attenuation of ocular, movement, and myogenic artifacts [14].""","- ""Our group has recently validated an approach with MoBI that combines hdEEG with kinematic measurements, with an accurate and efficient myogenic artifact removal [11,14].""
  - ""Data preprocessing included bad-channel correction, filtering in the frequency band [1-80 Hz], and attenuation of ocular, movement, and myogenic artifacts [14].""","- ""Data preprocessing included bad-channel correction, filtering in the frequency band [1-80 Hz], and attenuation of ocular, movement, and myogenic artifacts [14].""
  - ""The head model was built using a template magnetic resonance (MR) image in combination with template electrode positions using the MR-TIM [12] and the Simbio [31].""
  - ""We fed this forward model template, together with the preprocessed individual hdEEG data, into the exact low-resolution brain electromagnetic tomography (eLORETA) method [32] to obtain a three-dimensional neural signal for each voxel in the grey matter.""
  - ""The neural signal of each voxel was then projected to a single dimension for further analysis using principal component analysis [33].""
  - ""Frequency-dependent modulations of neural oscillations were assessed by conducting an ERD/ERS analysis of the gait cycle on the brain signals reconstructed from selected regions of interest (ROIs).""","- ""Data preprocessing included bad-channel correction, filtering in the frequency band [1-80 Hz], and attenuation of ocular, movement, and myogenic artifacts [14].""
  - ""The head model was built using a template magnetic resonance (MR) image in combination with template electrode positions using the MR-TIM [12] and the Simbio [31].""
  - ""We fed this forward model template, together with the preprocessed individual hdEEG data, into the exact low-resolution brain electromagnetic tomography (eLORETA) method [32] to obtain a three-dimensional neural signal for each voxel in the grey matter.""
  - ""The neural signal of each voxel was then projected to a single dimension for further analysis using principal component analysis [33].""
  - ""Frequency-dependent modulations of neural oscillations were assessed by conducting an ERD/ERS analysis of the gait cycle on the brain signals reconstructed from selected regions of interest (ROIs).""
  - ""The EOG recordings were subsequently used for EEG artifact removal.""","- ""Data pre-processing, head model creation, and source localization were performed following the same pipeline as described in our previous study on this topic [11]. Data preprocessing included bad-channel correction, filtering in the frequency band [1-80 Hz], and attenuation of ocular, movement, and myogenic artifacts [14].""
  - ""The hdEEG data were sampled at 1 kHz frequency, using the FCz electrode as a physical reference. Electrode impedance was kept below 5 kΩ. Electrooculographic (EOG) signals were recorded to monitor for vertical (VEOG) and horizontal (HEOG) eye movement. The EOG recordings were subsequently used for EEG artifact removal.""
  - ""Data preprocessing included bad-channel correction, filtering in the frequency band [1-80 Hz], and attenuation of ocular, movement, and myogenic artifacts [14].""",PMC11086305.pdf,
Brain Activity Response to Visual Cues for Gait Impairment in Parkinson's Disease: An EEG Study,"Stuart, S., et al., 2021",PwPD,Overground walking,"1 Hz, FIR filter, order = 1650",Yes,20 SD,ICLabel; Dipole/residual-variance; Manual/visual,"keep IC if P(brain) > 0.7, RV < 15%","- ""The continuous EEG data were then down-sampled from 2000 Hz to 500 Hz and band-pass filtered in the 1-200 Hz range using the FIR filter (order = 1650) function.""","- """"The clean_rawdata function was then used to remove bad channels (with artefact classed as a channel remaining flat for more than 5 seconds, high frequency noise over 4 SDs or minimum correlation between neighbouring channels below .85) and to correct the continuous data using Artefact Subspace Reconstruction (ASR) (with max acceptable 0.5-second window SD of 20).""""","- """"The clean_rawdata function was then used to remove bad channels (with artefact classed as a channel remaining flat for more than 5 seconds, high frequency noise over 4 SDs or minimum correlation between neighbouring channels below .85) and to correct the continuous data using Artefact Subspace Reconstruction (ASR) (with max acceptable 0.5-second window SD of 20).""""","- ""ICs with model residual scalp map variance (RV) above 15%, or whose model equivalent dipole was located outside of the MNI head model space, or had a scalp topography or power spectrum that indicated an artefactual source were excluded at the individual participant level.""
  - ""ICs were included in further analysis if classified by ICLabel as >70% likelihood of being brain activity rather than artefact, having RV <15%, and whose model equivalent dipole was located within MNI brain volume).""
  - ""Component exclusions based on scalp topography and power spectrum were made using visual inspection and the ICLabel function.""","- ""ICs were included in further analysis if classified by ICLabel as >70% likelihood of being brain activity rather than artefact, having RV <15%, and whose model equivalent dipole was located within MNI brain volume).""
  - ""Component exclusions based on scalp topography and power spectrum were made using visual inspection and the ICLabel function.""",PMC8593320.pdf,
EEG beta-modulations reflect age-specific motor resource allocation during dual-task walking,"Protzak, J., et al., 2021",HA,Overground walking,"- Main analysis: 0.1 Hz
- Artifact inspection: 1 Hz",No,,ICLabel (automated classifier by Pion-Tonachini),keep IC if P(brain) > 0.5,"- ""Data preprocessing was performed with Matlab 2015a and Matlab 2020a (MATLAB, The MathWorks Inc., Natick, MA, USA), EEGLAB functions 19 and custom scripts. Data were first highpass filtered (0.1 Hz) and lowpass filtered (100 Hz).""
  - ""A copy of the resulting data set was created that was (1 Hz ) highpass filtered and visually inspected for exten- sive artifacts in the time domain (e.g. muscle artifacts).""","- ""The resulting data sets were segmented into epochs of 2.5 s length, starting 1000ms before visual stimulus onset. Epochs exceeding a threshold criterion of 80mV were discarded.""
  - ""The resulting independent component (IC) weights were mapped back onto the original (0.1 Hz ) highpass filtered set, which was subsequently filtered again with a 40 Hz lowpass filter.""
  - ""A copy of the resulting data set was created that was (1 Hz ) highpass filtered and visually inspected for exten- sive artifacts in the time domain (e.g. muscle artifacts). This data set was decomposed using adaptive mixture independent component analysis algorithm (AMICA 20""
  - ""Data were first highpass filtered (0.1 Hz) and lowpass filtered (100 Hz). Defect channels or channels with prominent artifacts were then rejected based on predefined rejection criteria (5 SD of the mean kurtosis value or 3SD from mean probability distribution of each single channel) and subsequently checked manually ( M = 4.8, SD = 2.5""
  - ""Data preprocessing was performed with Matlab 2015a and Matlab 2020a (MATLAB, The MathWorks Inc., Natick, MA, USA), EEGLAB functions 19 and custom scripts.""","- ""Subsequently, only ICs that were classified by automated classification (ICLabel, Version 1.2) 21 as ICs reflecting brain sources ( M = 17.13, SD = 4.30) were included into further analysis. As we expected pronounced non-neural artifacts in the mobile EEG recordings, a classification threshold of > 50% was chosen.""
  - ""The resulting independent component (IC) weights were mapped back onto the original (0.1 Hz ) highpass filtered set, which was subsequently filtered again with a 40 Hz lowpass filter.""
  - ""A copy of the resulting data set was created that was (1 Hz ) highpass filtered and visually inspected for exten- sive artifacts in the time domain (e.g. muscle artifacts). This data set was decomposed using adaptive mixture independent component analysis algorithm (AMICA 20""
  - ""Defect channels or channels with prominent artifacts were then rejected based on predefined rejection criteria (5 SD of the mean kurtosis value or 3SD from mean probability distribution of each single channel) and subsequently checked manually ( M = 4.8, SD = 2.5""","- ""Subsequently, only ICs that were classified by automated classification (ICLabel, Version 1.2) 21 as ICs reflecting brain sources ( M = 17.13, SD = 4.30) were included into further analysis.""
  - ""a classification threshold of > 50% was chosen.""
  - ""The resulting independent component (IC) weights were mapped back onto the original (0.1 Hz ) highpass filtered set, which was subsequently filtered again with a 40 Hz lowpass filter. Rejected electrodes were replaced using spherical spline interpolation.""","- ""Subsequently, only ICs that were classified by automated classification (ICLabel, Version 1.2) 21 as ICs reflecting brain sources ( M = 17.13, SD = 4.30) were included into further analysis. As we expected pronounced non-neural artifacts in the mobile EEG recordings, a classification threshold of > 50% was chosen.""",PMC8352863.pdf,
Improved cortical activity and reduced gait asymmetry during poststroke self-paced walking rehabilitation,"Oh, K., et al., 2021",Non-PD clinical cohorts,Treadmill walking,Butterworth 5th order high-pass filter with a cutoff frequency of 1 Hz,Yes,3 SD,Dipole/residual-variance,reject if variance < 20% of IC projection on scalp; reject if variance > 3 SDs,"- ""A Butterworth 5th order high-pass filter was then applied with a cutoff frequency of 1 Hz.""","- ""To remove a signal contaminated with artifacts, an artifact subspace reconstruction (ASR) function [41] from the EEGlab was conducted.""","- ""Compared to the relatively clean signals during the 2 min of rest without any kinematic change, a statistical test was conducted with a moving window (500 ms) of a single channel to find signals that have variance larger than a threshold of three SD, and such signals were identified as corrupted data.""
  - ""To remove a signal contaminated with artifacts, an artifact subspace reconstruction (ASR) function [41] from the EEGlab was conducted.""","- ""Dipoles accounting for less than 20% of the variance of the calculated IC projection on the scalp were neglected, and other dipoles were separated into nonbrain and brain sources according to their locations and power spectra.""
  - ""After the Adaptive mixture independent component analysis (AMICA), equivalent current dipole sources were found using the DIPFIT function in EEGlab""
  - ""The clustering of ICs was then conducted for all the subjects using the power spectral density and the location of the dipole.""
  - ""A k-means clustering method was used to make the clusters, and ICs having variance larger than three SDs were identified as outliers and neglected for the analysis.""","- ""After the Adaptive mixture independent component analysis (AMICA), equivalent current dipole sources were found using the DIPFIT function in EEGlab [45] . Dipoles accounting for less than 20% of the variance of the calculated IC projection on the scalp were neglected, and other dipoles were separated into nonbrain and brain sources according to their locations and power spectra.""
  - ""The clustering of ICs was then conducted for all the subjects using the power spectral density and the location of the dipole. A k-means clustering method was used to make the clusters, and ICs having variance larger than three SDs were identified as outliers and neglected for the analysis.""",PMC8042685.pdf,
"Scalp recorded theta activity is modulated by reward, direction, and speed during virtual navigation in freely moving humans","Lin, M.-H., et al., 2022",HA,Overground walking,"0.10 Hz, fourth-order digital Butterworth filter",No,,"ICA used, method unspecified",,"- ""Raw EEG signals were filtered offline using a fourth-order digital Butterworth filter with a bandpass of 0.10-40 Hz.""","- ""Raw EEG signals were filtered offline using a fourth-order digital Butterworth filter with a bandpass of 0.10-40 Hz.""
  - ""Activity at the online reference electrode FCz was recreated.""
  - ""Filtered signals were then subjected to ocular correction via independent component analysis (ICA).""
  - ""A mean slope algorithm was applied for blink detection, and an infomax-restricted algorithm was used for the ocular artifact correction.""
  - ""Channel Fp2 was used to detect vertical eye activity, and channel RH was used to detect horizontal eye activity.""
  - ""We then performed ICA correction on signals from 12 scalp electrodes (Fz, Cz, FC5, FC6, Pz, Oz, P3, P4, P7, P8, FCz, Fp1).""
  - ""After artifact rejection, bad channels (those with artifacts exceeding 5% of the data) were identified and interpolated using their four nearest neighbors' signals for both pipelines (Hjorth, 1975).""
  - ""For subjects in the final analyses (n = 22), we interpolated data from one channel for four subjects (FC6: 1 subject; Oz: 1 subject; Cz: 1 subject; and FC5: 1 subject).""","- ""Raw EEG signals were filtered offline using a fourth-order digital Butterworth filter with a bandpass of 0.10-40 Hz.""
  - ""Activity at the online reference electrode FCz was recreated.""
  - ""Filtered signals were then subjected to ocular correction via independent component analysis (ICA).""
  - ""A mean slope algorithm was applied for blink detection, and an infomax-restricted algorithm was used for the ocular artifact correction.""
  - ""Channel Fp2 was used to detect vertical eye activity, and channel RH was used to detect horizontal eye activity.""
  - ""We then performed ICA correction on signals from 12 scalp electrodes (Fz, Cz, FC5, FC6, Pz, Oz, P3, P4, P7, P8, FCz, Fp1).""
  - ""After artifact rejection, bad channels (those with artifacts exceeding 5% of the data) were identified and interpolated using their four nearest neighbors' signals for both pipelines (Hjorth, 1975).""
  - ""Out of 31 subjects whose EEGs were collected, data from 9 were excluded from final analyses due to multiple bad channels (n = 5), limited trial count (n = 2), extreme data outliers (n = 2), and failure to complete the experiment (n = 1).""","- ""Raw EEG signals were filtered offline using a fourth-order digital Butterworth filter with a bandpass of 0.10-40 Hz. Activity at the online reference electrode FCz was recreated. Filtered signals were then subjected to ocular correction via independent component analysis (ICA). A mean slope algorithm was applied for blink detection, and an infomax-restricted algorithm was used for the ocular artifact correction.""
  - ""Channel Fp2 was used to detect vertical eye activity, and channel RH was used to detect horizontal eye activity. We then performed ICA correction on signals from 12 scalp electrodes (Fz, Cz, FC5, FC6, Pz, Oz, P3, P4, P7, P8, FCz, Fp1).""
  - ""After artifact rejection, bad channels (those with artifacts exceeding 5% of the data) were identified and interpolated using their four nearest neighbors' signals for both pipelines (Hjorth, 1975). For subjects in the final analyses (n = 22), we interpolated data from one channel for four subjects (FC6: 1 subject; Oz: 1 subject; Cz: 1 subject; and FC5: 1 subject).""","- ""For subjects in the final analyses (n = 22), we interpolated data from one channel for four subjects (FC6: 1 subject; Oz: 1 subject; Cz: 1 subject; and FC5: 1 subject).""
  - ""After artifact rejection, bad channels (those with artifacts exceeding 5% of the data) were identified and interpolated using their four nearest neighbors' signals for both pipelines (Hjorth, 1975).""
  - ""Channel Fp2 was used to detect vertical eye activity, and channel RH was used to detect horizontal eye activity. We then performed ICA correction on signals from 12 scalp electrodes (Fz, Cz, FC5, FC6, Pz, Oz, P3, P4, P7, P8, FCz, Fp1).""
  - ""Raw EEG signals were filtered offline using a fourth-order digital Butterworth filter with a bandpass of 0.10-40 Hz. Activity at the online reference electrode FCz was recreated. Filtered signals were then subjected to ocular correction via independent component analysis (ICA). A mean slope algorithm was applied for blink detection, and an infomax-restricted algorithm was used for the ocular artifact correction.""",PMC8821620.pdf,
Pre-Movement Cortico-Muscular Dynamics Underlying Improved Parkinson Gait Initiation after Instructed Arm Swing,"Weersink, J. B., et al., 2020",HA & PwPD,Overground walking,"1 Hz, finite impulse response filter with zero phase shift",No,,Dipole/residual-variance; Manual/visual,dipole residual variance < 80%,"- ""EEG recordings were cut into different task segments and down sampled offline to 256 Hz to speed up computations. All data were high pass filtered at 1 Hz using a finite impulse response filter with zero phase shift.""","- ""All ICs that were not classified as electrocortical sources were removed from the complete continuous dataset, resulting in an average of 15 (SD 3, range 9-18) brain-related ICs per participant used for further analysis.""
  - ""ICs were removed from the data for further analysis if the projection of the equivalent current dipole model to the scalp accounted for less than 80% of the IC scalp map variance [84] or if the topography and time-course of the IC were reflective of eye movement artefact [85,86].""
  - ""EEG data were then epoched from 4000 ms before until 2000 ms after time of movement onset to ease the identification of movement related artefacts in the following steps.""
  - ""The next step concerned re-referencing the data to the average of the remaining channels (average 29, SD 1, range [27][28][29][30][31].""
  - ""Channels exhibiting substantial artefact were removed using the following criteria: 1) channels with magnitude <30 or >10.000 V; 2) channels with kurtosis >5 standard deviations from the mean; 3) channels uncorrelated with neighbouring channels (r < 0.04) for more than 1% of the total time; 4) channels with a standard deviation at least three times higher than other channels.""","- ""The EEG channel data from the cleaned data sets were transformed into temporally independent component signals using infomax independent component analysis [83]. EEG data were then epoched from 4000 ms before until 2000 ms after time of movement onset to ease the identification of movement related artefacts in the following steps. DIPFIT functions within EEGLAB computed an equivalent current dipole model that best explained the scalp topography of each independent component (IC). ICs were removed from the data for further analysis if the projection of the equivalent current dipole model to the scalp accounted for less than 80% of the IC scalp map variance [84] or if the topography and time-course of the IC were reflective of eye movement artefact [85,86]. Because EEG during locomotion is prone to artefact contamination, power spectra, ERSP plots and locations of the equivalent current dipoles of the remaining ICs were inspected for classification as electrocortical sources or muscle sources. According to well-described methods, the most influential ICs regarding these gait related motion artefacts were optimally classified [34,87,88].""","- ""DIPFIT functions within EEGLAB computed an equivalent current dipole model that best explained the scalp topography of each independent component (IC).""
  - ""All ICs that were not classified as electrocortical sources were removed from the complete continuous dataset, resulting in an average of 15 (SD 3, range 9-18) brain-related ICs per participant used for further analysis.""
  - ""EEG data were then epoched from 4000 ms before until 2000 ms after time of movement onset to ease the identification of movement related artefacts in the following steps.""","- ""ICs were removed from the data for further analysis if the projection of the equivalent current dipole model to the scalp accounted for less than 80% of the IC scalp map variance [84] or if the topography and time-course of the IC were reflective of eye movement artefact [85,86].""
  - ""All ICs that were not classified as electrocortical sources were removed from the complete continuous dataset, resulting in an average of 15 (SD 3, range 9-18) brain-related ICs per participant used for further analysis.""",PMC7683047.pdf,
Connectivity of EEG synchronization networks increases for Parkinson's disease patients with freezing of gait,"Asher, E., et al., 2021",HA & PwPD,Overground walking,"0.1 Hz, FIR",No,,Manual/visual,Not reported (the paper does not specify a numeric probability threshold or decision rule for IC selection),"- ""basic finite impulse response high-pass filtering with a threshold of 0.1 Hz;""","- ""In agreement with earlier studies 30,64,65 , we found that the regular ICA approach (""runica"" or ""AMICA"") is sufficient and appropriate for movement artifact removal in EEG data for normal walking speeds and even light jogging (at speed 2.2 m/s).""
  - ""We have developed this pre-processing pipeline prior to this study while investigating how different kinds of movements and gait speeds affect EEG, which artifact types are encountered, and what techniques could be used to 'clean' EEG data without removing relevant physiological information (for more details, see ref. 31""
  - ""A comparison with other methods of EEG artifact removal (e.g., Automatic subspace reconstruction (ASR) 66 yielded comparable results.""","- ""In agreement with earlier studies 30,64,65 , we found that the regular ICA approach (""runica"" or ""AMICA"") is sufficient and appropriate for movement artifact removal in EEG data for normal walking speeds and even light jogging (at speed 2.2 m/s).""
  - ""A comparison with other methods of EEG artifact removal (e.g., Automatic subspace reconstruction (ASR) 66 yielded comparable results.""","- ""Using component activation, power spectra, and maps, the different components were visually inspected, and a minimal number of components (2 or 3) has been removed.""
  - ""The ICA algorithm exploits the fact that several EEG electrodes are affected by the same artifacts, in particular movement artifacts. This common source is identified by the algorithm, and its relative contribution to each electrode is subtracted.""","- ""Using component activation, power spectra, and maps, the different components were visually inspected, and a minimal number of components (2 or 3) has been removed.""
  - ""For each gait task and each participant, data preprocessing steps included: (i) omitting data from electrodes with high impedance (>10 kΩ) and high standard deviation 62 ; (ii) data downsampling from 2048 to 256 Hz; (iii) basic finite impulse response high-pass filtering with a threshold of 0.1 Hz; (iv) applying an independent component analysis (ICA) ('runica' implementation) 63 for the removal of eye movements and general movement artifacts.""
  - ""The ICA algorithm exploits the fact that several EEG electrodes are affected by the same artifacts, in particular movement artifacts. This common source is identified by the algorithm, and its relative contribution to each electrode is subtracted.""",PMC8405655.pdf,
Differential Theta-Band Signatures of the Anterior Cingulate and Motor Cortices During Seated Locomotor Perturbations,"Shirazi, S. Y., et al., 2021",HA,Others,1 Hz,No,,ICLabel; Dipole/residual-variance; Manual/visual,,"- ""We used a high-pass filter at 1 Hz and a 60 Hz line-noise filter (CleanLine) to minimally clean the raw data [27], [28]""","- ""We used independent component analysis (ICA), the dipolar source estimation technique (DIPFIT), and a multi-variate source classifier (ICLabel) on each step-wise dataset to identify and locate the sources that contributed to the EEG signals.""
  - ""We developed and used a novel step-wise channel and frame rejection algorithm to reject channels and data frames that still contained considerable noise (Figure 3""
  - ""We used a high-pass filter at 1 Hz and a 60 Hz line-noise filter (CleanLine) to minimally clean the raw data [27], [28]""","- ""We used independent component analysis (ICA), the dipolar source estimation technique (DIPFIT), and a multi-variate source classifier (ICLabel) on each step-wise dataset to identify and locate the sources that contributed to the EEG signals.""
  - ""We specifically used the adaptive mixture independent component analysis (AMICA) to separate the EEG into temporally independent components""
  - ""We developed and used a novel step-wise channel and frame rejection algorithm to reject channels and data frames that still contained considerable noise""","- ""We visually checked the results of the ICLabel for the selected dataset to confirm the classification of the sources as ""brain"" (or ""non-brain"").""
  - ""We used independent component analysis (ICA), the dipolar source estimation technique (DIPFIT), and a multi-variate source classifier (ICLabel) on each step-wise dataset to identify and locate the sources that contributed to the EEG signals.""","- ""We then excluded any source located outside the brain or with the residual variance > 15%.""",PMC7989773.pdf,
Backward Walking Induces Significantly Larger Upper-Mu-Rhythm Suppression Effects Than Forward Walking Does,"Lin, N., et al., 2020",HA,Treadmill walking,1 Hz,No,,Manual/visual,,"- ""During the preprocessing stage, the EEG signals were first subjected to bandpass filtering between 1 and 50 Hz.""
  - ""the GRF and EEG signals were low-pass-filtered at 8.5 Hz and then down-sampled to 50 Hz.""","- ""By using the ICA function of EEGLAB [72], we decomposed the nine-channel physiological signals (eight channels of EEG signals and one channel of ECG signals) into nine independent components to eliminate the influences of ECG, electrooculography, electromyography, and motion artifacts that had not been completely removed by the LMS filter.""
  - ""ICA is a well-known, blind source, separation method and has been extensively used for EEG signal processing. By linearly decomposing the multichannel EEG data into a sum of maximally temporally independent statistical source signals through an unmixing matrix, ICA is used to identify independent components of artifacts and physiological signals.""
  - ""A fundamental challenge of this study was the sensitivity of the EEG signals to environmental noise and motion artifacts. Therefore, we developed a systematic procedure to safeguard EEG signal fidelity.""","- ""A fundamental challenge of this study was the sensitivity of the EEG signals to environmental noise and motion artifacts. Therefore, we developed a systematic procedure to safeguard EEG signal fidelity.""
  - ""ICA is a well-known, blind source, separation method and has been extensively used for EEG signal processing. By linearly decomposing the multichannel EEG data into a sum of maximally temporally independent statistical source signals through an unmixing matrix, ICA is used to identify independent components of artifacts and physiological signals.""
  - ""By using the ICA function of EEGLAB [72], we decomposed the nine-channel physiological signals (eight channels of EEG signals and one channel of ECG signals) into nine independent components to eliminate the influences of ECG, electrooculography, electromyography, and motion artifacts that had not been completely removed by the LMS filter.""
  - ""Specifically and similar to previous work (e.g., [73,74]), this study removed artifacts by visual inspection of the topography and time course of the ICA components.""","- ""Specifically and similar to previous work (e.g., [73,74]), this study removed artifacts by visual inspection of the topography and time course of the ICA components.""
  - ""The EEG signals of the C3 and C4 channels were then reconstructed using retained ICA components.""
  - ""By using the ICA function of EEGLAB [72], we decomposed the nine-channel physiological signals (eight channels of EEG signals and one channel of ECG signals) into nine independent components to eliminate the influences of ECG, electrooculography, electromyography, and motion artifacts that had not been completely removed by the LMS filter.""
  - ""ICA is a well-known, blind source, separation method and has been extensively used for EEG signal processing. By linearly decomposing the multichannel EEG data into a sum of maximally temporally independent statistical source signals through an unmixing matrix, ICA is used to identify independent components of artifacts and physiological signals.""","- ""By using the ICA function of EEGLAB [72], we decomposed the nine-channel physiological signals (eight channels of EEG signals and one channel of ECG signals) into nine independent components to eliminate the influences of ECG, electrooculography, electromyography, and motion artifacts that had not been completely removed by the LMS filter.""
  - ""The EEG signals of the C3 and C4 channels were then reconstructed using retained ICA components.""
  - ""Specifically and similar to previous work (e.g., [73,74]), this study removed artifacts by visual inspection of the topography and time course of the ICA components.""
  - ""ICA is a well-known, blind source, separation method and has been extensively used for EEG signal processing. By linearly decomposing the multichannel EEG data into a sum of maximally temporally independent statistical source signals through an unmixing matrix, ICA is used to identify independent components of artifacts and physiological signals.""",PMC7767098.pdf,
Faster gait speeds reduce alpha and beta EEG spectral power from human sensorimotor cortex,"Nordin, A. D., et al., 2019",HA,Treadmill walking,1 Hz,Yes,7 SD,"Dipole/residual-variance, Other automated",dipole residual variance < 15%,"- ""Channel data were analyzed after high pass filtering at 1 Hz, down sampling to 256 Hz, extracting gait cycle epochs, and performing time-frequency analysis.""
  - ""Common EEG processing steps involved high-pass filtering channel data (1Hz) followed by preprocessing.""","- ""Notably, similar spectral power fluctuation patterns were apparent after applying ASR to single and dual layer EEG, compared to dual layer EEG processing using PCA and CCA.""
  - ""Although these parameters are adjustable, some evidence of over cleaning was apparent using ASR, which showed reduced delta and theta spectral power in 2.0 m/s walking (Figs. 3 & 4, rows 2 & 5, right column)""
  - ""Dual layer EEG processing (Fig. 2B ) was completed without additional preprocessing (3: Dual layer EEG), after frequency domain noise cancellation (4: Noise cancellation), after artifact subspace reconstruction (5: ASR), and after applying frequency domain noise cancellation to artifact components from principal component analysis and canonical component analysis (6: PCA+CCA).""
  - ""ASR is a commonly used EEG preprocessing method that relies on 0.5 s sliding window principal component analysis to correct and reconstruct non-stationary high variance EEG data based on statistical criteria from clean EEG""
  - ""Single layer EEG processing (Fig. 2A ) was completed without additional preprocessing (1: Single layer EEG) and after artifact subspace reconstruction (2: ASR) in EEGLab.""","- ""Here, we used a standing baseline for each subject during ASR and applied a 7 standard deviation cutoff based on pilot testing.""
  - ""ASR is a commonly used EEG preprocessing method that relies on 0.5 s sliding window principal component analysis to correct and reconstruct non-stationary high variance EEG data based on statistical criteria from clean EEG""","- ""Dipoles with residual variance less than 0.15 were retained for further analysis.""
  - ""We then modeled independent components as equivalent current dipoles using a three layer boundary element model and subject-specific anatomical magnetic resonance image warped to the Montreal Neurological Institute standard brain using DIPFIT and Fieldtrip function in EEGLab""
  - ""Components with flat spectra (linear slope ≥ -0.06) or those matching noise or muscle (R 2 ≥ 0.99) were rejected.""","- ""Dipoles with residual variance less than 0.15 were retained for further analysis.""
  - ""Components with flat spectra (linear slope ≥ -0.06) or those matching noise or muscle (R 2 ≥ 0.99) were rejected.""",PMC7134343.pdf,"Author/year duplicate (Nordin, A.D. et al., 2019 — 'faster gait speeds' paper). Master extraction lists a same-citation row with gait task 'Treadmill walking, Others' that likely belongs to the companion obstacle-stepping paper (PMC6423113) instead — please confirm which paper carried the 'Others' task label."
Prediction of gait intention from pre-movement EEG signals: a feasibility study,"Shafiul Hasan, S. M., et al., 2020",HA & non-PD clinical cohorts,Overground walking,"1 Hz, FIR filter",Yes,10 SD,Manual/visual,,"- """"The signal was high pass filtered by a primary FIR filter with 1 Hz cutoff frequency to get rid of the DC drift in the data.""""","- ""The ASR algorithm is a non-stationary method which uses sliding window PCA to remove unusual large-amplitude noise or artifacts.""
  - ""In this paper, ASR was used for two purposes: bad channel rejection and removal of short-time high-amplitude artifacts in continuous data.""
  - ""The cleansing process of the EEG signal was carried out in two steps using the EEGLAB toolbox: Artifact Subspace Reconstruction (ASR) [46] and Independent Component Analysis (ICA).""","- ""the SD value for repair bursts using ASR was set to 10.""
  - ""The ASR algorithm is a non-stationary method which uses sliding window PCA to remove unusual large-amplitude noise or artifacts.""","- ""The resulting independent components thus obtained were then inspected, and artefactual IC's were rejected by visual inspection.""
  - ""The artifacts might include muscle or heart components, channel noise, line noise, or others.""","- ""The artifacts might include muscle or heart components, channel noise, line noise, or others.""
  - ""The resulting independent components thus obtained were then inspected, and artefactual IC's were rejected by visual inspection.""",PMC7164221.pdf,
Corticomuscular control of walking in older people and people with parkinson's disease,"Roeder, L., et al., 2020",HA & PwPD,Treadmill walking and Overground walking,"0.5 Hz, 2nd order Butterworth","Yes, No, Maybe",,Manual/visual,,"- ""EEG signals were then band-pass filtered (2 nd order Butterworth, 0.5-70 Hz) and re-referenced to a common average reference (EEGLAB version 13.6.5) 199 , as recommended in Snyder et al. 170""
  - ""EEG channels were first visually inspected and segments with excessive noise (large-amplitude movement artefacts, EMG activity) were removed. EEG signals were then band-pass filtered (2 nd order Butterworth, 0.5-70 Hz) and re-referenced to a common average reference (EEGLAB version 13.6.5) 199 , as recommended in Snyder et al. 170""","- ""Importantly, pre-processing using ICA, ASR or AMICA yielded qualitatively similar results, which indicates that the presented results are robust for different pre-processing procedures (i.e. not dependent on the particular pre-processing algorithm used).""
  - ""We also explored the effects of different pre-processing and artefact removal techniques (such as artefact subspace reconstruction 177 [ASR] and adaptive mixture ICA 178, 179 [AMICA]) on the time-frequency results, which are presented in the Supplementary Material.""","- ""Importantly, pre-processing using ICA, ASR or AMICA yielded qualitatively similar results, which indicates that the presented results are robust for different pre-processing procedures (i.e. not dependent on the particular pre-processing algorithm used).""
  - ""We also explored the effects of different pre-processing and artefact removal techniques (such as artefact subspace reconstruction 177 [ASR] and adaptive mixture ICA 178, 179 [AMICA]) on the time-frequency results, which are presented in the Supplementary Material.""","- ""On average, 3.8 components (SD 0.9) were removed from participants in the healthy young group, 3.9 (SD 0.9) from healthy older participants, and 4.2 (SD 1.0) from participants with PD.""
  - ""Independent components containing eye blink, muscle, or movement artefacts were removed from the data.""
  - ""EEG signals were then band-pass filtered (2 nd order Butterworth, 0.5-70 Hz) and re-referenced to a common average reference (EEGLAB version 13.6.5) 199 , as recommended in Snyder et al. 170 . Subsequently, independent component analysis (ICA) was performed using the extended infomax ICA algorithm implemented in EEGLAB.""","- ""On average, 3.8 components (SD 0.9) were removed from participants in the healthy young group, 3.9 (SD 0.9) from healthy older participants, and 4.2 (SD 1.0) from participants with PD.""
  - ""EEG signals were then band-pass filtered (2 nd order Butterworth, 0.5-70 Hz) and re-referenced to a common average reference (EEGLAB version 13.6.5) 199 , as recommended in Snyder et al. 170 . Subsequently, independent component analysis (ICA) was performed using the extended infomax ICA algorithm implemented in EEGLAB. Independent components containing eye blink, muscle, or movement artefacts were removed from the data.""",PMC7031238.pdf,
"Electrocortical correlates of human levelground, slope, and stair walking","Luu, T.P., et al., 2017",HA,Overground walking,"0.1 Hz, 4th order Butterworth filter",Yes,3 SD,Dipole/residual-variance; Manual/visual,keep IC if equivalent dipoles explain > 80% of variance of IC scalp projections,"- ""the remaining EEG signals (60 channels) were high pass filtered at 0.1 Hz using a 4 th order Butterworth filter.""","- ""In this study, one min of EEG recorded during quite standing at the beginning of each session was used as baseline (calibration) data for ASR.""
  - ""Next, artifact subspace reconstruction (ASR) was applied to remove high amplitude artifacts (e.g., eye blinks, muscle burst) [18].""","- ""A sliding window (length of 500 ms) and a variance of three standard deviations were used to identify corrupted subspaces.""
  - ""Next, artifact subspace reconstruction (ASR) was applied to remove high amplitude artifacts (e.g., eye blinks, muscle burst) [18].""","- ""Only ICs in which the equivalent dipoles explained > 80% of variance of the IC scalp projections were retained for further analysis.""
  - ""Next, we visually inspected each IC scalp projection, its equivalent dipole's location, and its power spectra and removed ICs that related to non-brain artifacts (e.g., eye blink/movement, neck muscle).""
  - ""ICs that were further than three standard deviations from a cluster centroid were categorized into an outlier cluster and omitted from further analysis.""","- ""Only ICs in which the equivalent dipoles explained > 80% of variance of the IC scalp projections were retained for further analysis.""
  - ""we visually inspected each IC scalp projection, its equivalent dipole's location, and its power spectra and removed ICs that related to non-brain artifacts (e.g., eye blink/movement, neck muscle).""
  - ""We generated feature vectors (which include power spectra, IC scalp projections, and dipole locations) from the remaining ICs and used the k-means algorithm (k = 7) to obtain IC clusters across subjects.""
  - ""ICs that were further than three standard deviations from a cluster centroid were categorized into an outlier cluster and omitted from further analysis.""",PMC5708801.pdf,
Cognitive performance and brain dynamics during walking with a novel bionic foot: A pilot study,"De Pauw, K., et al., 2019",HA & non-PD clinical cohorts,Treadmill walking,0.1 Hz (IIR and Butterworth Zero Phase),No,,Manual/visual,,"- ""Butterworth Zero Phase Filters were used on EEG data, and set at a high and low pass filter of 0.1 and 6Hz, respectively (slope: 48dB/oct).""
  - ""Infinite Impulse Response Filters were set at 0.1Hz (high pass) and 30Hz (low pass).""","- ""Periodically recurring artifacts (eye and muscle artifacts), were extracted from the data using Independent Component Analysis (Classic sphering, Extended Biased Infomax), a method used to estimate sources providing noisy measurements.""
  - ""Bad components were removed taking into account the time course, matrix of weights and topographies.""
  - ""The current study demonstrated MRCPs with amplitudes within the normal range and using inverse-based modeling we showed brain activity within brain areas where we would expect brain activity during walking (i.e. sensorimotor and parietal cortices; cfr [39], [40]).""
  - ""In the current paper, active electrodes were applied. These electrodes are less susceptible to sudden changes in voltage compared to passive electrodes, which are more susceptible to sudden changes in impedance and capacitance [41].""
  - ""However, it still remains arguable whether all artifacts were removed. Indeed, current existing EEG techniques and data cleaning methods during gait are still limited, and in literature there is a debate as to how neural data containing gait-related movement artifacts is separated by ICA.""
  - ""An interesting approach for movement artifact removal is to simultaneous measure movement artifact and movement artifact plus neural signal, because this method allows for an interpolative subtraction process that could remove the movement artifact [42].""
  - ""More research is required on the combination of different methods to establish the optimal method for distinguishing neural data from artifact in EEG during human walking.""","- ""Selected good independent components were back projected to the original EEG signals.""
  - ""Bad components were removed taking into account the time course, matrix of weights and topographies.""
  - ""The main criteria to determine whether the independent component is brain-related or an artifact, are the scalp maps, the time course of the component as well as the activity power spectrum.""
  - ""Periodically recurring artifacts (eye and muscle artifacts), were extracted from the data using Independent Component Analysis (Classic sphering, Extended Biased Infomax), a method used to estimate sources providing noisy measurements.""","- ""Bad components were removed taking into account the time course, matrix of weights and topographies.""
  - ""If the weighting is set on a single channel, the independent component was removed from the dataset.""
  - ""Channel noise has been accounted for using scalp topography.""
  - ""The main criteria to determine whether the independent component is brain-related or an artifact, are the scalp maps, the time course of the component as well as the activity power spectrum.""","- ""The main criteria to determine whether the independent component is brain-related or an artifact, are the scalp maps, the time course of the component as well as the activity power spectrum. Channel noise has been accounted for using scalp topography. If the weighting is set on a single channel, the independent component was removed from the dataset.""",PMC6447229.pdf,
Human electrocortical dynamics while stepping over obstacles,"Nordin, A. D., et al., 2019",HA,Treadmill walking,1 Hz,No,,Dipole/residual-variance; Other automated,"- Reject IC if power spectra are flat (linear slope ≥ -0.06) or match noise/electromyography sensors (polynomial fit R 2 ≥ 0.99).
- Retain IC if dipole residual variance < 15% (equivalent current dipoles explaining > 85% of the scalp map).","- ""All data were high pass filtered at 1 Hz and channels with large artifacts were rejected based on statistical criteria (range, standard deviation, kurtosis) 39""
  - ""For both single and dual-layer recordings, we high pass filtered the data at 1 Hz, concatenated speed conditions, and re-referenced the scalp channel data to common average.""","- ""After applying these rejection criteria to an adaptive mixture independent component analysis performed on the complete electrode set, we retained an average of 59 ± 17 independent components per subject.""
  - ""We rejected artifact contaminated independent components with flat power spectra (linear slope ≥ -0.06) or spectra matching noise or electromyography sensors (polynomial fit R 2 ≥ 0.99).""","- ""We rejected artifact contaminated independent components with flat power spectra (linear slope ≥ -0.06) or spectra matching noise or electromyography sensors (polynomial fit R 2 ≥ 0.99).""
  - ""we retained an average of 59 ± 17 independent components per subject.""","- ""Subsequently, independent components with equivalent current dipoles explaining greater than 85% of the scalp map were retained, leaving an average of 10 ± 9 components per subject.""
  - ""Next, we modeled ICs as equivalent current dipoles using a three layer boundary element model and subject-specific anatomical magnetic resonance image warped to the Montreal Neurological Institute standard brain (Montreal, Canada) using DIPFIT and Fieldtrip functions in EEGLab""
  - ""We rejected artifact contaminated independent components with flat power spectra (linear slope ≥ -0.06) or spectra matching noise or electromyography sensors (polynomial fit R 2 ≥ 0.99).""","- ""We rejected artifact contaminated independent components with flat power spectra (linear slope ≥ -0.06) or spectra matching noise or electromyography sensors (polynomial fit R 2 ≥ 0.99).""
  - ""Next, we modeled ICs as equivalent current dipoles using a three layer boundary element model and subject-specific anatomical magnetic resonance image warped to the Montreal Neurological Institute standard brain (Montreal, Canada) using DIPFIT and Fieldtrip functions in EEGLab 64 . Subsequently, independent components with equivalent current dipoles explaining greater than 85% of the scalp map were retained, leaving an average of 10 ± 9 components per subject.""",PMC6423113.pdf,"Author/year duplicate (Nordin, A.D. et al., 2019 — 'stepping over obstacles' paper). See flag on PMC7134343.pdf: gait-task label 'Others' in master extraction may belong here rather than to the gait-speed paper. Left as 'Treadmill walking' per review list pending confirmation."
Rapid changes in arousal states of healthy volunteers during robot-assisted gait training: a quantitative time-series electroencephalography study,"Nakanishi, Y., et al., 2014",HA,Treadmill walking,,No,,No ICA,,"- ""All raw EEG data were filtered with a high frequency cut-off at 50 Hz using a wave viewer program (Vital Tracer, Kissei Comtec, Matsumoto, Japan), and then transferred to a multi-bioinformation analyzer program (Bimutas II, Kissei Comtec) for further data processing.""","- ""Distinct artifacts in the EEGs were excluded by visual inspection.""
  - ""All raw EEG data were filtered with a high frequency cut-off at 50 Hz using a wave viewer program (Vital Tracer, Kissei Comtec, Matsumoto, Japan), and then transferred to a multi-bioinformation analyzer program (Bimutas II, Kissei Comtec) for further data processing.""","- ""All raw EEG data were filtered with a high frequency cut-off at 50 Hz using a wave viewer program (Vital Tracer, Kissei Comtec, Matsumoto, Japan), and then transferred to a multi-bioinformation analyzer program (Bimutas II, Kissei Comtec) for further data processing.""
  - ""Distinct artifacts in the EEGs were excluded by visual inspection.""
  - ""The power density of each segment was calculated using fast Fourier transform with a Hamming window""","- ""The power density of each segment was calculated using fast Fourier transform with a Hamming window""
  - ""Distinct artifacts in the EEGs were excluded by visual inspection.""
  - ""All raw EEG data were filtered with a high frequency cut-off at 50 Hz using a wave viewer program (Vital Tracer, Kissei Comtec, Matsumoto, Japan), and then transferred to a multi-bioinformation analyzer program (Bimutas II, Kissei Comtec) for further data processing.""","- ""Distinct artifacts in the EEGs were excluded by visual inspection.""
  - ""All raw EEG data were filtered with a high frequency cut-off at 50 Hz using a wave viewer program (Vital Tracer, Kissei Comtec, Matsumoto, Japan), and then transferred to a multi-bioinformation analyzer program (Bimutas II, Kissei Comtec) for further data processing.""",PMC4022364.pdf,
Decoding the Attentional Demands of Gait through EEG Gamma Band Features,"Costa, Á., et al., 2016",HA & non-PD clinical cohorts,Treadmill walking,0.5 Hz,No,,No ICA,,"- ""First, all data are bandpass filtered between 0.5 and 100 Hz to remove blink artifacts associated to low frequencies [39] and electromyographic (EMG) artifacts associated to high frequencies [40].""
  - ""A 50 Hz Notch filter is also applied to remove the power line interference.""","- ""The experimental conditions have been defined to avoid the maximum amount of noises and the signals are processed with artifact removal algorithms in order to reduce, as much as possible, their contributions and evaluate only the cortical contribution.""
  - ""The amount of reconstructed information from noisy electrodes is the 2.70% of the total available data from both healthy users and patients.""
  - ""The simplest way to deal with these channels is their rejection with the consequent loss of information. In this work, to keep some information from these channels and preserve the data dimensionality and the final number of features extracted, the noisy channels are going to be removed and reconstructed using data from a spatially distributed set of recordings sites by means of spatial position as in [41].""
  - ""The next step is the standardization of the signals in the time domain. To do that it is necessary to find a parameter that represents the brain signals and that does not experience huge variations during a session. Also, an important aspect of this process is to reduce to its minimum the loss of information after applying the standardization processes.""","- ""The simplest way to deal with these channels is their rejection with the consequent loss of information. In this work, to keep some information from these channels and preserve the data dimensionality and the final number of features extracted, the noisy channels are going to be removed and reconstructed using data from a spatially distributed set of recordings sites by means of spatial position as in [41].""
  - ""The amount of reconstructed information from noisy electrodes is the 2.70% of the total available data from both healthy users and patients.""
  - ""The next step is the standardization of the signals in the time domain. To do that it is necessary to find a parameter that represents the brain signals and that does not experience huge variations during a session.""
  - ""The selected parameter to perform this standardization has been developed during this research and for simplifications it is going to be referenced as Maximum Visual Threshold (MV Threshold).""
  - ""The MV Threshold is calculated for each electrode and it can be considered constant during a whole session.""","- ""Using this method no extra information is added to the signal (only redundant information from surrounding electrodes), allowing the recovery of some lost information from a specific scalp area using the information left on the neighbor areas due to volume conduction [42,43].""
  - ""The amount of reconstructed information from noisy electrodes is the 2.70% of the total available data from both healthy users and patients.""
  - ""The simplest way to deal with these channels is their rejection with the consequent loss of information. In this work, to keep some information from these channels and preserve the data dimensionality and the final number of features extracted, the noisy channels are going to be removed and reconstructed using data from a spatially distributed set of recordings sites by means of spatial position as in [41].""","- ""The next step is the standardization of the signals in the time domain. To do that it is necessary to find a parameter that represents the brain signals and that does not experience huge variations during a session.""
  - ""The MV Threshold is calculated for each electrode and it can be considered constant during a whole session.""
  - ""The selected parameter to perform this standardization has been developed during this research and for simplifications it is going to be referenced as Maximum Visual Threshold (MV Threshold).""
  - ""The amount of reconstructed information from noisy electrodes is the 2.70% of the total available data from both healthy users and patients.""
  - ""The simplest way to deal with these channels is their rejection with the consequent loss of information. In this work, to keep some information from these channels and preserve the data dimensionality and the final number of features extracted, the noisy channels are going to be removed and reconstructed using data from a spatially distributed set of recordings sites by means of spatial position as in [41].""",PMC4846000.pdf,
EEG Single-Trial Detection of Gait Speed Changes during Treadmill Walk,"Lisi, G., et al., 2015",HA,Treadmill walking,"1 Hz, Hamming-windowed zerophase FIR filter, order 6761, cutoff frequencies 0.5 Hz and 45.5 Hz attenuated at -6 dB",No,,"Dipole/residual-variance, Other automated",reject IC if r.v. > 10%,"- ""All the 64 channels of the training and test sets are bandpass filtered in the range from 1 Hz to 45 Hz, by means of the EEGLAB function pop_eegfiltnew""
  - ""Subsequently, the signal is resampled at 256 Hz, and used as input both for spatial filter identification (Section 4.2) and epoch extraction (Section 4.3).""
  - ""Bandpass filtering, before the final ICA, is added to the original algorithm because it can improve the performance of ICA algorithms""","- ""4.7 Rejection of artifactual epoch. The spectrograms associated with the retained spatial filters are analysed for abnormal muscle artifact rejection.""
  - ""4.4 Automatic rejection of artifactual spatial filters. The automatic rejection of artifactual spatial filter is performed on the training dataset, while the test set is adjusted accordingly.""
  - ""In order to assess the classifier performance, a 10-fold cross validation procedure is carried out; where, in each repetition, 9 out of 10 sessions are used for training, and the remaining one for testing.""","- ""In order to assess the classifier performance, a 10-fold cross validation procedure is carried out; where, in each repetition, 9 out of 10 sessions are used for training, and the remaining one for testing.""
  - ""In order to decompose different neural and artifactual sources [28,29], Infomax ICA is computed on the preprocessed EEG signal of the training set.""
  - ""In detail, for automatic artifact rejection, the EEG signal is partitioned into small segments of 0.5 s, and a segment is removed if its probability distribution exceeds the average distribution by 5±SD.""
  - ""The residual variance (r.v.) of dipole fitting is used to reject independent components of poor quality (r.v. > 10% [6]).""
  - ""an independent component is automatically rejected if its dipole is located outside of the head, close to the skull or in the cerebellum, utilizing the following heuristics: distance from the center of the spherical model larger than 70% of the sphere radius, or z-coordinate smaller than 0 mm.""
  - ""Finally, in order to explicitly remove components associated with eye movements, we use the ADJUST plugin for EEGLAB [21], an automatic method that combines stereotyped artifact-specific spatial and temporal features, optimized to capture blinks, eye movements, and generic discontinuities.""","- ""The automatic rejection of artifactual spatial filter is performed on the training dataset, while the test set is adjusted accordingly. In particular, a singe dipole source localisation algorithm with a BESA 4-shell spherical model [31], implemented in EEGLAB [32], is run on the independent component scalp maps, in order to extract equivalent current dipoles. The residual variance (r.v.) of dipole fitting is used to reject independent components of poor quality (r.v. > 10% [6]).""
  - ""Furthermore, an independent component is automatically rejected if its dipole is located outside of the head, close to the skull or in the cerebellum, utilizing the following heuristics: distance from the center of the spherical model larger than 70% of the sphere radius, or z-coordinate smaller than 0 mm.""
  - ""Finally, in order to explicitly remove components associated with eye movements, we use the ADJUST plugin for EEGLAB [21], an automatic method that combines stereotyped artifact-specific spatial and temporal features, optimized to capture blinks, eye movements, and generic discontinuities.""","- ""The automatic rejection of artifactual spatial filter is performed on the training dataset, while the test set is adjusted accordingly. In particular, a singe dipole source localisation algorithm with a BESA 4-shell spherical model [31], implemented in EEGLAB [32], is run on the independent component scalp maps, in order to extract equivalent current dipoles. The residual variance (r.v.) of dipole fitting is used to reject independent components of poor quality (r.v. > 10% [6]).""
  - ""Furthermore, an independent component is automatically rejected if its dipole is located outside of the head, close to the skull or in the cerebellum, utilizing the following heuristics: distance from the center of the spherical model larger than 70% of the sphere radius, or z-coordinate smaller than 0 mm.""
  - ""Finally, in order to explicitly remove components associated with eye movements, we use the ADJUST plugin for EEGLAB [21], an automatic method that combines stereotyped artifact-specific spatial and temporal features, optimized to capture blinks, eye movements, and generic discontinuities.""",PMC4416798.pdf,
Neural Correlates of Dual-Task Walking: Effects of Cognitive versus Motor Interference in Young Adults,"Beurskens, R., et al., 2016",HA,Overground walking,0.5 Hz,No,,No ICA (independent component analysis was not mentioned in the paper),,"- ""The EEG signal was bandpass-filtered (0.5 Hz low-cutoff, 45 Hz high-cutoff filter; time constant: 0.32 s; slope: 48 dB/octave) and corrected for artifacts induced by eye movements""","- ""EEG data were registered at 1,024 Hz and analyzed offline using the Brain Vision Analyzer (Brain Products, Munich, Germany). The EEG signal was bandpass-filtered (0.5 Hz low-cutoff, 45 Hz high-cutoff filter; time constant: 0.32 s; slope: 48 dB/octave) and corrected for artifacts induced by eye movements [26]. Following a first careful visual inspection and systematic exclusion criteria, the allowance of semiautomatic artifact rejection was set (gradient: <35 mV; amplitude range: -100 to 100 mV) [27].""","- ""EEG data were registered at 1,024 Hz and analyzed offline using the Brain Vision Analyzer (Brain Products, Munich, Germany). The EEG signal was bandpass-filtered (0.5 Hz low-cutoff, 45 Hz high-cutoff filter; time constant: 0.32 s; slope: 48 dB/octave) and corrected for artifacts induced by eye movements [26]. Following a first careful visual inspection and systematic exclusion criteria, the allowance of semiautomatic artifact rejection was set (gradient: <35 mV; amplitude range: -100 to 100 mV) [27].""
  - ""Subsequently, data were segmented in 1 s segments, analyzed using spectral analysis (FFT) with a resolution of 0.5 Hz, and averaged across a 2-minute trial for each walking condition.""","- ""Following a first careful visual inspection and systematic exclusion criteria, the allowance of semiautomatic artifact rejection was set (gradient: <35 mV; amplitude range: -100 to 100 mV)""
  - ""Subsequently, data were segmented in 1 s segments, analyzed using spectral analysis (FFT) with a resolution of 0.5 Hz, and averaged across a 2-minute trial for each walking condition.""
  - ""The EEG signal was bandpass-filtered (0.5 Hz low-cutoff, 45 Hz high-cutoff filter; time constant: 0.32 s; slope: 48 dB/octave) and corrected for artifacts induced by eye movements""
  - ""EEG data were registered at 1,024 Hz and analyzed offline using the Brain Vision Analyzer (Brain Products, Munich, Germany).""","- ""Subsequently, data were segmented in 1 s segments, analyzed using spectral analysis (FFT) with a resolution of 0.5 Hz, and averaged across a 2-minute trial for each walking condition.""
  - ""Following a first careful visual inspection and systematic exclusion criteria, the allowance of semiautomatic artifact rejection was set (gradient: <35 mV; amplitude range: -100 to 100 mV) [27].""",PMC4855015.pdf,
Independent Component Analysis of Gait-Related Movement Artifact Recorded using EEG Electrodes during Treadmill Walking,"Snyder, K. L., et al., 2015",HA,Treadmill walking,1 Hz,No,,Dipole/residual-variance,dipole residual variance < 15%,"- ""After collection, we first filtered the movement artifact data above a frequency of 1 Hz.""","- ""More research needs to be done on these methods in combination to establish the optimal method for distinguishing neural data from artifact in EEG during human walking.""
  - ""Many procedures have been utilized for removing movement artifact during walking. Using a template regression by subtracting a moving average of the 20 surrounding strides and then performing ICA, Gwin et al. (2010) were able to significantly reduce power at lower frequencies (1.5-8.5 Hz) and recover event related potentials for a visual oddball task for walking at 0.8 and 1.2 m/s. More recent research has shown that this method alone or in combination with wavelet filtering does not remove all movement-induced fluctuations from data at speeds from 0.4-1.6 m/s (Kline et al., 2015). More recently, a more sophisticated algorithm, artifact subspace rejection, has been developed (Mullen et al., 2013).""","- ""More recently, a more sophisticated algorithm, artifact subspace rejection, has been developed (Mullen et al., 2013). This method transforms the data into principal component space and compares the resulting signals to EEG data during quiet standing to identify artifact based on amplitude and variance. However, to function correctly, the thresholds for rejection must be set correctly so that only movement artifact and not neural data are eliminated.""","- ""We performed ICA and dipole fitting on the EEG movement artifact data to quantify how accurately these methods would identify the artifact signals as non-neural.""
  - ""ICA and dipole fitting accurately localized 99% of the independent components in non-neural locations or lacked dipolar characteristics.""
  - ""The remaining 1% of sources had locations within the brain volume and low residual variances, but had topographical maps, power spectra, time courses, and event related spectral perturbations typical of non-neural sources.""
  - ""For components with residual variance (RV) values less than 15% and dipole locations inside the brain, we calculated topographical maps, power frequency spectra, average time course for a stride, and event-related spectral perturbations (ERSP).""
  - ""Our ICA and inverse head modeling results identified 99% of components as not being neural based solely on the basis of location and RV above 15%.""
  - ""The remaining 1% of the components had cortical locations and RVs below 15%.""","- ""For components with residual variance (RV) values less than 15% and dipole locations inside the brain, we calculated topographical maps, power frequency spectra, average time course for a stride, and event-related spectral perturbations (ERSP).""
  - ""The remaining 1% of the components had cortical locations and RVs below 15%.""
  - ""Our ICA and inverse head modeling results identified 99% of components as not being neural based solely on the basis of location and RV above 15%.""",PMC4664645.pdf,
"Motion and Muscle Artifact Removal Validation Using an Electrical Head Phantom, Robotic Motion Platform, and Dual Layer Mobile EEG","Richer, N., et al., 2020",HA,Treadmill walking,1 Hz,Yes,"3 SD, 10 SD, 20 SD, 50 SD",Manual/visual,,"- ""All data were initially high pass filtered at 1 Hz.""","- ""Combining best practice signal processing approaches from aims 1-4, we were able to recover ground-truth artificial electrocortical signals during head motions at a range of walking speeds, and with contrasting levels of muscle activity contamination. High density mobile EEG preprocessed with Artifact Subspace Reconstruction and Canonical Correlation Analysis, in addition to the inclusion of 32 isolated noise and 8 neck EMG channels in the ICA decomposition, recovered source components that closely resembled ground-truth input signals""
  - ""In the combined analyses, we included 32-isolated noise channel recordings (Aim 1) and 8-neck EMG channel recordings (Aim 3) in the ICA decomposition, along with the preprocessed scalp EEG channel data, as separate rows of the input matrix. Because we did not find a conclusive best Artifact Subspace Reconstruction threshold (Aim 2), we applied a 20 standard deviation cutoff from baseline because it has been used and recommended in previous studies""
  - ""Artifact Subspace Reconstruction preprocessing therefore provided a possible advantage for motion artifact removal but showed inconsistencies during muscle artifact removal.""
  - ""Artifact Subspace Reconstruction applied with a 3 standard deviation threshold relative to baseline improved source signal recovery using ICA.""
  - ""Artifact Subspace Reconstruction preprocessing was completed for each gait speed and muscle amplitude condition individually (±0, 100, 300, and 500 µV), but AMICA was performed on the concatenated gait speed conditions for each muscle amplitude condition separately.""","- ""To assess the ability of Artifact Subspace Reconstruction to remove motion and muscle artifacts at contrasting artifact detection thresholds, we ran the preprocessed EEG channel data using Artifact Subspace Reconstruction at four contrasting standard deviation cutoffs from the baseline data, ranging from strict to lenient: 3 standard deviations [10], [22], [23], 10 standard deviations [21], 20 standard deviations [11], [16], and 50 standard deviations [21].""
  - ""Without muscle activity contamination, a 3 standard deviation threshold returned the best matched electrocortical source activity relative to the ground-truth signal.""
  - ""In absence of muscle activity, Artifact Subspace Reconstruction applied with a 3 standard deviation threshold relative to baseline improved source signal recovery using ICA.""
  - ""Because we did not find a conclusive best Artifact Subspace Reconstruction threshold (Aim 2), we applied a 20 standard deviation cutoff from baseline because it has been used and recommended in previous studies [11], [16].""","- ""We then averaged the normalized root mean square error across gait speeds to identify the best-fit component with the lowest root mean square error compared to the ground-truth signal.""
  - ""To find the best-fit component for each condition, we calculated the root mean square of the difference between the temporally aligned time frequency data for each independent component and the ground-truth artificial brain signal in every gait cycle.""
  - ""Specifically, we examined the similarities between the time-frequency features of the input signals and the independent components.""
  - ""By comparing the recovered independent components to our ground-truth input signals, we were able to select the component that best matched the artificial electrocortical source.""","- ""We then averaged the normalized root mean square error across gait speeds to identify the best-fit component with the lowest root mean square error compared to the ground-truth signal.""
  - ""To find the best-fit component for each condition, we calculated the root mean square of the difference between the temporally aligned time frequency data for each independent component and the ground-truth artificial brain signal in every gait cycle.""
  - ""By comparing the recovered independent components to our ground-truth input signals, we were able to select the component that best matched the artificial electrocortical source.""",PMID_32746290.pdf,
Alteration of brain dynamics during dual-task overground walking,"Nenna, F., et al., 2021",HA,Overground walking,"0.2 Hz, FIR filter with zero phase",No,,Manual/visual,Not reported (the paper does not specify a numeric probability threshold or decision rule for IC selection),"- ""The raw EEG data were first filtered to the range of 0.2 Hz and 90 Hz using a finite impulse response (FIR) filter with zero phase and resampled to 250 Hz.""","- ""Additionally, prior to IC rejection, we performed plausibility testing of F I G U R E 3 Overview of the preprocessing pipeline for the continuous raw EEG data.""
  - ""ICs representing eye movements (e.g. blinks) were removed based on visual inspection of their component activity as well as component power spectra (Chaumon, Bishop, & Busch, 2015; Makeig, Bell, Jung, & Sejnowski, 1996)""
  - ""Then, for the identification and removal of eye blink artifacts, we utilized the procedure of adaptive mixture independent component analysis (AMICA, Hsu et al., 2018;Palmer, Kreutz-Delgado, & Makeig, 2012).""
  - ""Subsequently, bad channels were identified and removed by automated rejection using kurtosis (the threshold was set to 5 standard deviations (SDs) from mean kurtosis) and probability functions (with a threshold of 3 SDs from mean probability distribution).""
  - ""The raw EEG data were first filtered to the range of 0.2 Hz and 90 Hz using a finite impulse response (FIR) filter with zero phase and resampled to 250 Hz.""","- ""Additionally, prior to IC rejection, we performed plausibility testing of F I G U R E 3 Overview of the preprocessing pipeline for the continuous raw EEG data.""
  - ""ICs representing eye movements (e.g. blinks) were removed based on visual inspection of their component activity as well as component power spectra (Chaumon, Bishop, & Busch, 2015; Makeig, Bell, Jung, & Sejnowski, 1996)""
  - ""To this end, the raw data were bandpass filtered to 1-90 Hz to improve the decomposition to independent components (ICs) (Winkler, Debener, Müller, & Tangermann, 2015).""
  - ""Subsequently, bad channels were identified and removed by automated rejection using kurtosis (the threshold was set to 5 standard deviations (SDs) from mean kurtosis) and probability functions (with a threshold of 3 SDs from mean probability distribution).""
  - ""The raw EEG data were first filtered to the range of 0.2 Hz and 90 Hz using a finite impulse response (FIR) filter with zero phase and resampled to 250 Hz.""","- ""ICs representing eye movements (e.g. blinks) were removed based on visual inspection of their component activity as well as component power spectra (Chaumon, Bishop, & Busch, 2015; Makeig, Bell, Jung, & Sejnowski, 1996)""
  - ""Additionally, prior to IC rejection, we performed plausibility testing of F I G U R E 3 Overview of the preprocessing pipeline for the continuous raw EEG data.""
  - ""The resulting decomposition matrices representing the weights and spheres obtained from the AMICA procedure were applied on the ""precleaned dataset"" (described above) to allow for further component investigation in IC space.""
  - ""To this end, the raw data were bandpass filtered to 1-90 Hz to improve the decomposition to independent components (ICs) (Winkler, Debener, Müller, & Tangermann, 2015).""","- ""Additionally, prior to IC rejection, we performed plausibility testing of F I G U R E 3 Overview of the preprocessing pipeline for the continuous raw EEG data.""
  - ""To this end, the raw data were bandpass filtered to 1-90 Hz to improve the decomposition to independent components (ICs) (Winkler, Debener, Müller, & Tangermann, 2015).""
  - ""ICs located to the grey matter of the head model were kept (M = 114.18, SD = 3.01) while ICs located outside the gray matter were removed (M = 3.04, SD = 0.82).""
  - ""ICs representing eye movements (e.g. blinks) were removed based on visual inspection of their component activity as well as component power spectra (Chaumon, Bishop, & Busch, 2015; Makeig, Bell, Jung, & Sejnowski, 1996)""",PMID_32881128.pdf,
Neural Correlates of Single-and Dual-Task Walking in the Real World,"Pizzamiglio, S., et al., 2017",HA,Overground walking,0.5 Hz,No,,Manual/visual,,"- ""Data were first band-pass filtered between 0.5 Hz and 100 Hz to minimize slow drifts and remove high-frequency components and notch filtered at 50 Hz to remove the power line noise.""","- ""Power spectral, spatial and temporal features of each independent component (IC) were carefully inspected and those representing typical artifacts (e.g., eye blinks, saccades, neck muscles activity) were removed from the data.""
  - ""Data were then re-referenced to the common average reference and decomposed using Independent Component Analysis (ICA) with the extended Infomax algorithm as implemented in EEGLab (Cardoso, 1997;Delorme et al., 2007).""
  - ""Prominent artifacts affecting all the recording channels were also removed from the data.""
  - ""Visual inspection was performed on continuous data, where EEG channels affected by major noise sources throughout the whole experiment were identified and temporarily removed from the analyses.""
  - ""Offline pre-processing of EEG data was carried out using EEGLab toolbox for MatLab (Delorme and Makeig, 2004). Data were first band-pass filtered between 0.5 Hz and 100 Hz to minimize slow drifts and remove high-frequency components and notch filtered at 50 Hz to remove the power line noise.""","- ""Remaining components were projected back to the scalp channels, previously removed bad channels were interpolated and all data then re-referenced again to the common average reference.""
  - ""Data were then re-referenced to the common average reference and decomposed using Independent Component Analysis (ICA) with the extended Infomax algorithm as implemented in EEGLab (Cardoso, 1997;Delorme et al., 2007).""
  - ""Offline pre-processing of EEG data was carried out using EEGLab toolbox for MatLab (Delorme and Makeig, 2004). Data were first band-pass filtered between 0.5 Hz and 100 Hz to minimize slow drifts and remove high-frequency components and notch filtered at 50 Hz to remove the power line noise.""
  - ""Power spectral, spatial and temporal features of each independent component (IC) were carefully inspected and those representing typical artifacts (e.g., eye blinks, saccades, neck muscles activity) were removed from the data.""","- ""Power spectral, spatial and temporal features of each independent component (IC) were carefully inspected and those representing typical artifacts (e.g., eye blinks, saccades, neck muscles activity) were removed from the data.""
  - ""Data were then re-referenced to the common average reference and decomposed using Independent Component Analysis (ICA) with the extended Infomax algorithm as implemented in EEGLab (Cardoso, 1997;Delorme et al., 2007).""","- ""Remaining components were projected back to the scalp channels, previously removed bad channels were interpolated and all data then re-referenced again to the common average reference.""
  - ""Power spectral, spatial and temporal features of each independent component (IC) were carefully inspected and those representing typical artifacts (e.g., eye blinks, saccades, neck muscles activity) were removed from the data.""",PMC5603763.pdf,
A Channel Rejection Method for Attenuating Motion-Related Artifacts in EEG Recordings during Walking,"Delorme, A., et al., 2017",HA,Treadmill walking,"1 Hz, 8,251 point window, bandwidth 0.2 Hz, passband edge 0.2 Hz",No,,Other automated (correlation-based); Manual/visual,Not reported (the paper does not specify a numeric probability threshold for IC selection),"- ""We high-pass filtered (1 Hz, 8,251 point window, bandwidth 0.2 Hz, passband edge 0.2 Hz) and removed line noise using Cleanline (https://www. nitrc.org/projects/cleanline/) from both datasets.""","- ""the use of artifact subspace reconstruction requires a clean baseline for identifying noisy sectors of data.""
  - ""Nathan and Contreras-Vidal (2016) investigated motion artifacts during walking by applying artifact subspace reconstruction for removing artifacts.""","- ""The current methods for the selection of bad channels do not account for any event-locked pattern (Figure 1A""
  - ""The goal of this study was to test a systematic method for identifying EEG channels dominated by motion-related artifact during human locomotion data collection.""
  - ""The template correlation rejection method consists of creating templates of amplitude patterns and determining the fraction of total epochs presenting relevant correlation to the template.""
  - ""The TCR method should be applied in EEG datasets free of bad channels selected using standard methods (range, standard deviation, kurtosis, correlation).""
  - ""The TCR method marked 22 ± 9 channels for rejection; these showed no robust location pattern across subjects (Figure 5""
  - ""After applying the TCR method for rejecting channels (part 1) and components presenting gait-related motion artifacts (part 2), we found 4.3 ± 1.8 independent components per subject for potential rejection.""","- ""The method consists of applying TCR parts 1 and 2explained in sections TCR Part 1-Defining Correlations and TCR Part 2-Applying Correlation Threshold-on the independent component activation vectors instead of EEG channels.""
  - ""For rejecting independent components, we disregarded the TCR part 3 explained in the section TCR Part 3-Defining Relevant EEG Amplitude, which is related to computing changes in EEG amplitude.""
  - ""After identifying potential independent components for rejection, we evaluated their spectral power and scalp maps following recent recommendations reported by Chaumon et al. (2015) for identifying features of neural independent components.""
  - ""These features were: (1) power peak(s) at physiologically relevant frequency bands such as alpha, beta or gamma bands and (2) scalp maps presenting smooth/dipolar topography.""
  - ""In this way, we aimed at defining if the selected components were neural rather than trying to evaluate if they were not neural.""
  - ""On the other hand, all other independent components were marked for rejection as they contained gait-related amplitude patterns and there was no evidence that they carried neural content.""","- ""For rejecting independent components, we disregarded the TCR part 3 explained in the section TCR Part 3-Defining Relevant EEG Amplitude, which is related to computing changes in EEG amplitude.""
  - ""After identifying potential independent components for rejection, we evaluated their spectral power and scalp maps following recent recommendations reported by Chaumon et al. (2015) for identifying features of neural independent components.""
  - ""These features were: (1) power peak(s) at physiologically relevant frequency bands such as alpha, beta or gamma bands and (2) scalp maps presenting smooth/dipolar topography.""
  - ""In this way, we aimed at defining if the selected components were neural rather than trying to evaluate if they were not neural.""
  - ""In the case of components being evaluated as neural, we did not reject this component from the EEG dataset.""
  - ""On the other hand, all other independent components were marked for rejection as they contained gait-related amplitude patterns and there was no evidence that they carried neural content.""",PMC5405125.pdf,
Neural predictors of gait stability when walking freely in the real-world,"Pizzamiglio, S., et al., 2018",HA,Overground walking,"0.5 Hz (FIR filter, order automatically set by EEGLab)",No,,Manual/visual,,"- ""EEG data were pre-processed using EEGLab open source toolbox for MatLab [32]. Data were first band-pass filtered between 0.5 Hz and 100 Hz (FIR filter, order automatically set by EEGLab) to minimize slow drifts and remove high-frequency components and then notch filtered at 50 Hz (FIR notch filter, order = 3302) to remove the power line noise.""","- ""Previously removed bad channels were then interpolated [35,36] and all data then re-referenced again to the common average reference.""
  - ""Data were then re-referenced to the common average reference and decomposed using independent component analysis (ICA) with the extended Infomax algorithm as implemented in EEGLab [33,34]. Power spectral, spatial and temporal features of each independent component (IC) were carefully inspected and those representing typical artefacts (e.g. eye blinks, saccades, neck muscles) were removed from the data and remaining components were projected back to the scalp.""
  - ""Visual inspection was performed on continuous data in order to identify and temporarily discard EEG channels affected by major noise sources throughout the whole experiment and to permanently remove data affected by prominent artefacts across all the recording channels.""
  - ""EEG pre-processing EEG data were pre-processed using EEGLab open source toolbox for MatLab [32]. Data were first band-pass filtered between 0.5 Hz and 100 Hz (FIR filter, order automatically set by EEGLab) to minimize slow drifts and remove high-frequency components and then notch filtered at 50 Hz (FIR notch filter, order = 3302) to remove the power line noise.""","- ""Data were then re-referenced to the common average reference and decomposed using independent component analysis (ICA) with the extended Infomax algorithm as implemented in EEGLab [33,34]. Power spectral, spatial and temporal features of each independent component (IC) were carefully inspected and those representing typical artefacts (e.g. eye blinks, saccades, neck muscles) were removed from the data and remaining components were projected back to the scalp.""
  - ""Previously removed bad channels were then interpolated [35,36] and all data then re-referenced again to the common average reference.""","- ""Power spectral, spatial and temporal features of each independent component (IC) were carefully inspected and those representing typical artefacts (e.g. eye blinks, saccades, neck muscles) were removed from the data and remaining components were projected back to the scalp.""
  - ""Data were then re-referenced to the common average reference and decomposed using independent component analysis (ICA) with the extended Infomax algorithm as implemented in EEGLab""","- ""Previously removed bad channels were then interpolated [35,36] and all data then re-referenced again to the common average reference.""
  - ""Data were then re-referenced to the common average reference and decomposed using independent component analysis (ICA) with the extended Infomax algorithm as implemented in EEGLab [33,34].""
  - ""Power spectral, spatial and temporal features of each independent component (IC) were carefully inspected and those representing typical artefacts (e.g. eye blinks, saccades, neck muscles) were removed from the data and remaining components were projected back to the scalp.""",PMC5830090.pdf,
Is Cortical Activation During Walking Different Between Parkinson's Disease Motor Subtypes?,"Orcioli-Silva, D., et al., 2020",PwPD,Overground walking,1 Hz,No,,"Manual/visual; ICA used, method unspecified",,"- ""Electroencephalography data were recorded using a wireless Mobita 32-channel system (TMSi, The Netherlands). The sampling rate was set to 500 Hz.""
  - ""All processing and analysis were performed in Matlab using an open-source toolbox for processing EEG data (EEGLAB 13.0.1b)""
  - ""Substantial artifacts throughout the recordings were removed using the following methods: (i) channels with magnitude <30 or >2000 µV; (ii) channels with kurtosis >5 SDs from the mean; and (iii) channels with standard deviation substantially greater compared to neighboring channels""
  - ""After rejecting channels, independent component analysis (RUNICA, from EEGLAB) was performed on the dataset to identify and remove eye blinks and artifacts related to muscle activity""
  - ""The EEG recordings were synchronized to the accelerometer data, which was coupled to the Mobita system and attached to the lower back (L5) of the participant to record vertical acceleration.""
  - ""Electroencephalography data were segmented into gait cycles (epochs). Subsequently, individual EEG datasets from both conditions were merged into a single dataset, which was band-pass filtered (1-100 Hz) and line noise removal (60 Hz).""","- ""In addition, epochs with visible motion artifacts were removed by visual inspection.""
  - ""After rejecting channels, independent component analysis (RUNICA, from EEGLAB) was performed on the dataset to identify and remove eye blinks and artifacts related to muscle activity (41,42).""
  - ""Substantial artifacts throughout the recordings were removed using the following methods: (i) channels with magnitude <30 or >2000 µV; (ii) channels with kurtosis >5 SDs from the mean; and (iii) channels with standard deviation substantially greater compared to neighboring channels (17,40).""","- ""In addition, epochs with visible motion artifacts were removed by visual inspection.""
  - ""After rejecting channels, independent component analysis (RUNICA, from EEGLAB) was performed on the dataset to identify and remove eye blinks and artifacts related to muscle activity (41,42).""
  - ""Substantial artifacts throughout the recordings were removed using the following methods: (i) channels with magnitude <30 or >2000 µV; (ii) channels with kurtosis >5 SDs from the mean; and (iii) channels with standard deviation substantially greater compared to neighboring channels (17,40).""","- ""In addition, epochs with visible motion artifacts were removed by visual inspection.""
  - ""After rejecting channels, independent component analysis (RUNICA, from EEGLAB) was performed on the dataset to identify and remove eye blinks and artifacts related to muscle activity (41,42).""","- ""In addition, epochs with visible motion artifacts were removed by visual inspection.""
  - ""After rejecting channels, independent component analysis (RUNICA, from EEGLAB) was performed on the dataset to identify and remove eye blinks and artifacts related to muscle activity (41,42).""",PMID_32674140.pdf,
Stepping in time: Alpha -mu and beta oscillations during a walking synchronization task,"Scanlon, J. E. M., et al., 2022",HA,Overground walking,"1 Hz, Hamming windowed, zero-phase FIR, order 826",Yes,20 SD,ICLabel (automated classifier by Pion-Tonachini),reject IC if P(brain) < 0.7,"- ""Filters used were Hamming windowed, zero-phase finite impulse response (FIR) filters (using EEGLAB function pop_eegfiltnew) with a transition band-width at 25% of the lower passband edge.""
  - ""The EEG data were then filtered with a high-pass filter (order 826) of 1 Hz and low-pass filter (order 56) of 120 Hz, then resampled to 250 Hz.""","- ""data were cleaned using artifact subspace reconstruction (ASR), with a threshold of 20 SD.""","- ""After ASR, data from the walking tasks were epoched into consecutive 1-s segments, and those epochs with artifacts (global and channel thresholds of 3 SD) were removed.""","- ""ICLabel ( Pion-Tonachini et al., 2019 ; see labeling.ucsd.edu) was then used to identify and remove any IC's classified with less than 70% probability of being due to brain activity.""
  - ""Extended infomax independent component analysis (ICA; as implemented in EEGLAB) was then run on the concatenated remaining 1-s epochs.""","- ""ICLabel ( Pion-Tonachini et al., 2019 ; see labeling.ucsd.edu) was then used to identify and remove any IC's classified with less than 70% probability of being due to brain activity.""
  - ""Extended infomax independent component analysis (ICA; as implemented in EEGLAB) was then run on the concatenated remaining 1-s epochs.""",PMID_35301131.pdf,
Mobile EEG reveals functionally dissociable dynamic processes supporting real-world ambulatory obstacle avoidance: Evidence for early proactive control,"Mustile, M., et al., 2021",HA,Overground walking,"0.01 Hz (initial filtering), 0.1 Hz (main analysis)",No,,"Other automated (e.g. kurtosis, ADJUST, MARA, correlation-based); Manual/visual",dipole residual variance < 15%,"- ""During recording EEG data were sampled at 500 Hz and bandpass filtered at 0.01-250 Hz.""
  - ""Data from the mastoid channels (M1 and M2) were removed from the analysis, and all remaining EEG data were filtered using a 0.1 to 40 Hz bandpass filter.""","- ""EEG channels with prominent artefacts were automatically selected (kurtosis > 5 SDs) and interpolated, and all channels were then re-referenced to the average.""
  - ""Artifactual ICs scalp maps were selected through SASICA (Semi-Automated Selection of Independent Components of the electroencephalogram for Artifact Correction, Chaumon et al., 2015) combined with the ADJUST (Automatic EEG artefact Detection based on the Joint Use Of Spatial and Temporal features, Mognon et al., 2011) and MARA (Multiple Artifact Rejection Algorithm, Winkler et al., 2011) plugins.""
  - ""An extended infomax Independent Component Analysis (ICA, Makeig et al., 1996) was performed to identify and remove non-brain signals.""","- ""The 'Autocorrelation' measure detects noisy components with weak autocorrelation (e.g. muscle artefacts) with a threshold of 2 SDs and a lag of 20 ms.""
  - ""The 'Focal Components' measure detects components that are too focal and thus unlikely to correspond to neural activity (e.g. bad channels or muscle artefacts) with a threshold of 2 SDs.""
  - ""The 'Signal-to-Noise Ratio' measure (0-Inf, -Inf 0, threshold ratio = 1) is used to identify components with weak signal-tonoise ratio that occur between the baseline and the time window of interest.""
  - ""The 'Dipole Fit Residual Variance' measure (threshold = 15%) detects components with high residual variance after subtraction of the forward dipole model.""
  - ""The 'Correlation with other channel(s)' measure detects components whose time course correlates with any channel(s), with a threshold of 4 SDs.""
  - ""The ADJUST (Mognon et al., 2011) and MARA (Winkler et al., 2011) plugins automatically compute spatial and temporal features (using pre-set parameters) to classify components as artefacts.""","- ""An extended infomax Independent Component Analysis (ICA, Makeig et al., 1996) was performed to identify and remove non-brain signals.""
  - ""Artifactual ICs scalp maps were selected through SASICA (Semi-Automated Selection of Independent Components of the electroencephalogram for Artifact Correction, Chaumon et al., 2015) combined with the ADJUST (Automatic EEG artefact Detection based on the Joint Use Of Spatial and Temporal features, Mognon et al., 2011) and MARA (Multiple Artifact Rejection Algorithm, Winkler et al., 2011) plugins.""
  - ""The 'Autocorrelation' measure detects noisy components with weak autocorrelation (e.g. muscle artefacts) with a threshold of 2 SDs and a lag of 20 ms.""
  - ""The 'Focal Components' measure detects components that are too focal and thus unlikely to correspond to neural activity (e.g. bad channels or muscle artefacts) with a threshold of 2 SDs.""
  - ""The 'Signal-to-Noise Ratio' measure (0-Inf, -Inf 0, threshold ratio = 1) is used to identify components with weak signal-tonoise ratio that occur between the baseline and the time window of interest.""
  - ""The 'Dipole Fit Residual Variance' measure (threshold = 15%) detects components with high residual variance after subtraction of the forward dipole model.""
  - ""The 'Correlation with other channel(s)' measure detects components whose time course correlates with any channel(s), with a threshold of 4 SDs.""
  - ""The ADJUST (Mognon et al., 2011) and MARA (Winkler et al., 2011) plugins automatically compute spatial and temporal features (using pre-set parameters) to classify components as artefacts.""
  - ""The resulting ICs scalp maps (or topographies) were further visually inspected to identify ICs with low residual variance (<15%).""
  - ""Across conditions an average (mean ± SD) of 5.85 ± 1.97 of nonartifactual ICs were retained for analysis.""","- ""An extended infomax Independent Component Analysis (ICA, Makeig et al., 1996) was performed to identify and remove non-brain signals.""
  - ""Artifactual ICs scalp maps were selected through SASICA (Semi-Automated Selection of Independent Components of the electroencephalogram for Artifact Correction, Chaumon et al., 2015) combined with the ADJUST (Automatic EEG artefact Detection based on the Joint Use Of Spatial and Temporal features, Mognon et al., 2011) and MARA (Multiple Artifact Rejection Algorithm, Winkler et al., 2011) plugins.""
  - ""The 'Autocorrelation' measure detects noisy components with weak autocorrelation (e.g. muscle artefacts) with a threshold of 2 SDs and a lag of 20 ms.""
  - ""The 'Focal Components' measure detects components that are too focal and thus unlikely to correspond to neural activity (e.g. bad channels or muscle artefacts) with a threshold of 2 SDs.""
  - ""The 'Signal-to-Noise Ratio' measure (0-Inf, -Inf 0, threshold ratio = 1) is used to identify components with weak signal-tonoise ratio that occur between the baseline and the time window of interest.""
  - ""The 'Dipole Fit Residual Variance' measure (threshold = 15%) detects components with high residual variance after subtraction of the forward dipole model.""
  - ""The 'Correlation with other channel(s)' measure detects components whose time course correlates with any channel(s), with a threshold of 4 SDs.""
  - ""The ADJUST (Mognon et al., 2011) and MARA (Winkler et al., 2011) plugins automatically compute spatial and temporal features (using pre-set parameters) to classify components as artefacts.""
  - ""The resulting ICs scalp maps (or topographies) were further visually inspected to identify ICs with low residual variance (<15%).""
  - ""Across conditions an average (mean ± SD) of 5.85 ± 1.97 of nonartifactual ICs were retained for analysis.""",PMID_33465827.pdf,
Recalibration of Inhibitory Control Systems during Walking-Related Dual-Task Interference: A Mobile Brain-Body Imaging (MOBI) Study,"De Sanctis, P., et al., 2015",HA,Treadmill walking,"0.05 Hz (initial recording), 0.5 Hz (offline analysis)",No,,No ICA,,"- ""The continuous data were bandpass filtered offline from 0.5-30Hz (12 dB/octave).""
  - ""The data were recorded at 512 Hz and bandpass filtered from 0.05 to 100Hz (24 dB/octave).""","- ""Indeed, the standard signalaveraging approach appeared to be perfectly efficient in removing any walking-related artifacts, since the temporal dynamics of both the cognitive and walking tasks were unrelated to each other""
  - ""We applied an automatic artifact rejection criterion of ±100 μV across all electrodes in the array. Trials with more than six artifact channels were rejected. On trials with less than six such channels, we interpolated any remaining bad channels using a nearest neighbor spline.""","- ""Trials with more than six artifact channels were rejected. On trials with less than six such channels, we interpolated any remaining bad channels using a nearest neighbor spline.""
  - ""We applied an automatic artifact rejection criterion of ±100 μV across all electrodes in the array.""","- ""We applied an automatic artifact rejection criterion of ±100 μV across all electrodes in the array.""
  - ""Trials with more than six artifact channels were rejected. On trials with less than six such channels, we interpolated any remaining bad channels using a nearest neighbor spline.""","- ""Trials with more than six artifact channels were rejected. On trials with less than six such channels, we interpolated any remaining bad channels using a nearest neighbor spline.""",PMC4209901.pdf,
Does the electrode amplification style matter? A comparison of active and passive EEG system configurations during standing and walking,"Scanlon, J., et al., 2020",HA,Overground walking,"1 Hz, Hamming windowed, zero-phase finite impulse response (FIR) filter, order 1650, transition bandwidth at 25% of the lower passband edge",No,,ICLabel (automated classifier by Pion-Tonachini),reject IC if P(eye) > 0.85 or P(heart) > 0.4,"- ""All filters were Hamming windowed, zero-phase finite impulse response (FIR) filters with a transition bandwidth at 25% of the lower passband edge (using EEGLAB function pop_eegfiltnew).""
  - ""The data were filtered with a high-pass filter (HPF; order 1650) of 1 Hz and low-pass filter (LPF; order 166) of 40 Hz, then resampled to 250 Hz.""
  - ""Data were then epoched to oddball events, beginning with the baseline 200 ms before the tone (at 0 ms) and ending 800 ms after the tone, creating 1-s epochs with 250 timepoints. Data were then baseline corrected from -200 to 0 ms. Segments with remaining artifacts were removed, this time with channel and global thresholds of 3 standard deviations.""
  - ""The removed bad channels were then interpolated, and data were re-referenced to an average of TP9 and TP10. Data were then epoched to oddball events, beginning with the baseline 200 ms before the tone (at 0 ms) and ending 800 ms after the tone, creating 1-s epochs with 250 timepoints. Data were then baseline corrected from -200 to 0 ms. Segments with remaining artifacts were removed, this time with channel and global thresholds of 3 standard deviations.""","- ""Segments with remaining artifacts were removed, this time with channel and global thresholds of 3 standard deviations.""
  - ""Extended infomax independent component analysis (ICA) as implemented in EEGLAB was then run on the remaining concatenated 1-s epochs and ICLabel (Pion-Tonachini et al., 2019; see labeling.ucsd.edu)  was used to identify and remove any components with over 85% probability of being eye-related or 40% probability of being due to heart activity (e.g. Viola et al., 2009).""
  - ""Then, bad channels were removed using the function clean_rawdata (an EEGLAB wrapper function calling clean_artifacts), removing channels if they had a >5-s flatline, and <0.5 correlation to a reconstruction of the channel based on other channels.""","- ""Extended infomax independent component analysis (ICA) as implemented in EEGLAB was then run on the remaining concatenated 1-s epochs and ICLabel (Pion-Tonachini et al., 2019; see labeling.ucsd.edu)  was used to identify and remove any components with over 85% probability of being eye-related or 40% probability of being due to heart activity (e.g. Viola et al., 2009).""
  - ""Then, all non-artifactual components were back-projected into continuous datasets, which were filtered with an HPF of 0.3 Hz (order 5500), and filtered again with an LPF of 40 Hz (order 166).""
  - ""Segments with remaining artifacts were removed, this time with channel and global thresholds of 3 standard deviations.""","- ""Extended infomax independent component analysis (ICA) as implemented in EEGLAB was then run on the remaining concatenated 1-s epochs and ICLabel (Pion-Tonachini et al., 2019; see labeling.ucsd.edu)  was used to identify and remove any components with over 85% probability of being eye-related or 40% probability of being due to heart activity (e.g. Viola et al., 2009).""","- ""Extended infomax independent component analysis (ICA) as implemented in EEGLAB was then run on the remaining concatenated 1-s epochs and ICLabel (Pion-Tonachini et al., 2019; see labeling.ucsd.edu)  was used to identify and remove any components with over 85% probability of being eye-related or 40% probability of being due to heart activity (e.g. Viola et al., 2009).""",PMID_33185920.pdf,
The neural response is heightened when watching a person approaching compared to walking away: Evidence for dynamic social neuroscience,"Mustile, M., et al., 2022",HA,Overground walking,"0.1 Hz (main analysis), 0.01 Hz (initial recording)",No,,ICLabel; Dipole/residual-variance,"reject IC if P(eye, muscle, heart, line noise, channel noise) > 0.9; keep IC if dipole residual variance < 15%","- ""Data from the mastoid channels (M1 and M2) were removed from the analysis, and all remaining EEG data was filtered using a 0.1 Hz-40 Hz bandpass filter.""
  - ""EEG data was continuously recorded from 32 Ag/AgCl electrodes caps connected to a portable amplifier (ANT-neuro, Enschede, The Netherlands) at a sampling rate of 500 Hz and bandpass filtered at 0.01-250 Hz.""
  - ""Data were downsampled to 250 Hz and an extended infomax Independent Component Analysis (ICA, Makeig et al., 1995) was performed to identify and remove non-brain signals.""","- ""Brain-related-ICs were identified using the IClabel plugin (Pion- Tonachini et al., 2019). Components exceeding a 90% probability of being eye, muscle, heart, line noise, and channel noise were rejected.""
  - ""an extended infomax Independent Component Analysis (ICA, Makeig et al., 1995) was performed to identify and remove non-brain signals.""
  - ""EEG channels with prominent artifacts were automatically selected (kurtosis >5 SDs) and interpolated, and all channels were then re-referenced to the average.""
  - ""Data from the mastoid channels (M1 and M2) were removed from the analysis, and all remaining EEG data was filtered using a 0.1 Hz-40 Hz bandpass filter.""
  - ""EEG data analyses were performed using custom scripts written in MATLAB 2019 (The MathWorks) incorporating the EEGLAB toolbox (Delorme and Makeig, 2004).""","- ""Only brain ICs with dipoles located inside the head and a residual variance lower than 15% were kept.""
  - ""Brain-related-ICs were identified using the IClabel plugin (Pion- Tonachini et al., 2019). Components exceeding a 90% probability of being eye, muscle, heart, line noise, and channel noise were rejected.""","- ""Only brain ICs with dipoles located inside the head and a residual variance lower than 15% were kept.""
  - ""Brain-related-ICs were identified using the IClabel plugin (Pion- Tonachini et al., 2019).""
  - ""Components exceeding a 90% probability of being eye, muscle, heart, line noise, and channel noise were rejected.""","- ""Brain-related-ICs were identified using the IClabel plugin (Pion- Tonachini et al., 2019). Components exceeding a 90% probability of being eye, muscle, heart, line noise, and channel noise were rejected. Only brain ICs with dipoles located inside the head and a residual variance lower than 15% were kept.""",PMID_36007672.pdf,
Hybrid Human-Machine Interface for Gait Decoding Through Bayesian Fusion of EEG and EMG Classifiers,"Tortora, S., et al., 2020",HA,Treadmill walking,"- Main analysis: 1 Hz, zero-phase 24th-order Chebyshev type II filter
- Before ICA: 1.5 Hz, zero-phase 24th-order Chebyshev type II filter",Yes,,Manual/visual,,"- ""Preprocessing Step I: raw EEG data were high-pass filtered with a zero-phase 24th-order Chebyshev type II filter above 1 Hz and low-pass filtered with a zero-phase 71th-order Chebyshev type II filter below 98 Hz.""
  - ""Step II: raw EEG data were high-pass filtered with a zero-phase 24th-order Chebyshev type II filter above 1.5 Hz and low-pass filtered with a zero-phase 71th-order Chebyshev type II filter below 48 Hz.""","- ""The two-step preprocessing was necessary to apply the ASR only on the EEG data used for the estimation of the independent components (Step II) to enhance their reliability (Artoni et al., 2014), while the classifier was trained on the data from Step I, since ASR may remove also useful brain activity (Artoni et al., 2017).""
  - ""Non-stereotypical artifacts (e.g., movement artifacts related to cable displacement) were removed through Artifacts Subspace Reconstruction (ASR) (Kothe and Jung, 2016;Chang et al., 2018).""","- ""Channels rejected during these offline preprocessing stages were also removed from the test set.""
  - ""Non-stereotypical artifacts (e.g., movement artifacts related to cable displacement) were removed through Artifacts Subspace Reconstruction (ASR) (Kothe and Jung, 2016;Chang et al., 2018).""
  - ""The two-step preprocessing was necessary to apply the ASR only on the EEG data used for the estimation of the independent components (Step II) to enhance their reliability (Artoni et al., 2014),""","- ""Channels rejected during these offline preprocessing stages were also removed from the test set.""
  - ""The two-step preprocessing was necessary to apply the ASR only on the EEG data used for the estimation of the independent components (Step II) to enhance their reliability (Artoni et al., 2014), while the classifier was trained on the data from Step I, since ASR may remove also useful brain activity (Artoni et al., 2017).""","- ""The two-step preprocessing was necessary to apply the ASR only on the EEG data used for the estimation of the independent components (Step II) to enhance their reliability (Artoni et al., 2014), while the classifier was trained on the data from Step I, since ASR may remove also useful brain activity (Artoni et al., 2017).""
  - ""The ICA weights were applied to the EEG signals coming from Step I, projecting the data into the independent components domain.""
  - ""Components that belong to stereotypical artifacts (e.g., neck muscles, eye movement) were rejected by backprojecting the EEG signals to the original domain using only the components related to brain activity (Artoni et al., 2017).""",PMC7705173.pdf,
Negligible Motion Artifacts in Scalp Electroencephalography (EEG) During Treadmill Walking,"Nathan, K., et al., 2016",HA,Treadmill walking,,Yes,3 SD,"ICA used, method unspecified",,"- ""the EEG signals were digitized at 1 kHz using a BrainAmp DC amplifier linked to BrainVision Recorder software version 1.10.""","- ""We extended our analysis to focus on the potential effects of motion artifacts within the delta band (0.1-4 Hz) of EEG, given that this range has been practically used in decoding studies (Presacco et al., 2011(Presacco et al., , 2012;;Do et al., 2013;Bulea et al., 2014;He et al., 2014), based on analysis of wavelet coherence. Coherence has been found between EEG and lowerlimb EMG during walking (Petersen et al., 2012) and at delta band frequencies during seated voluntary foot movements (Raethjen et al., 2008). In this situation, high negative-phase coherence (i.e., EEG leading EMG) would support cortical mechanisms for walking; however, high in-phase coherence between the EEG and the accelerometer would suggest mechanical coupling of the electrode leads dominating the EEG signal. However, individual subject data do not show consistent and continuous regions of significant coherence (Figure 4 , Supplemental Figure S3 ), particularly at lower walking speeds (with the exception of S4). Moreover, because treadmill walking involves continuous and consistent gait motion, we would expect to see the same amount of coherence from one stride to the next if the motion of the EEG setup (e.g., cables going to the amplifiers) affected the EEG signals. The group-averaged data in the current study showed bands of strong coherence (>0.5) for speeds of 3.0 and 4.5 km/h, with phase arrows indicating that the acceleration is leading the EEG signal. At 3.0 km/h, the bands peak at the stepping frequency (∼0.8 Hz) in channels CZ and T8. At 4.5 km/h, there are two bands of strong coherence at 0.97 Hz (average stepping frequency calculated to be 0.93 Hz) and at 1.86 Hz in channels CZ and T8, but only one band for the latter frequency in OZ. Bands of coherence are present at the stepping frequencies at the slowest walking speed but are rather weak in amplitude (∼0.4). This trend is consistent with the individual subject data shown in Supplement Figure S4 . This could be indicative of artifactual contamination, which would provide some support to previous reports (Gwin et al., 2010;Castermans et al., 2014) of finding motion artifacts at speeds greater than 2.9 km/h. Thus, if the experimenter would like to err on the conservative side, future studies should take special care with cable and electrode motion and electrode impedance to minimize the effects of artifactual components during gait speeds above 3.0 km/h. Prior gait decoding studies have typically measured treadmill gait at rates below 3.0 km/h; the self-selected preferred walking speed of subjects from Presacco et al. (2011) did not exceed 2.4 km/h, and the subjects in this study reported walking at 4.5 km/h to be slightly strenuous. This is in contrast, however, with claims of preferred walking speeds of 1.4 m/s (about 5 km/h) reported in Browning et al. (2006), which was the basis for in-depth artifact analysis of faster walking speeds (1.2 m/s or 4.5 km/h) by Kline et al. (2015). Clinical applications may also be a reason to dictate slower gait speeds for non-able bodied persons. Use of a suitable head accelerometer should likely help to analyze potential motion artifacts in future studies.""
  - ""We found ASR to be most beneficial in attenuating the large amplitude deviations of the ERSP at speeds of 4.5 km/h (Figure 3 ) and in reducing regions of significant coherence (Figure 5 ) at speeds greater than 3.0 km/h; the artifact content at slower walking speeds seems negligible enough to not require additional processing for artifact removal.""
  - ""The above analysis was repeated after applying ASR to the raw EEG data (see Figure 3B ), with the acceleration ERSPs remaining unchanged.""","- ""By default, the ASR algorithm uses five standard deviations for the threshold, so our choice of three was a more aggressive criterion.""
  - ""ASR is available as a plug-in for EEGLAB (Delorme and Makeig, 2004 ), which we used with non-default parameters of a sliding window length of 500 ms, a threshold of three standard deviations for identification of corrupted subspaces (more conservative than the default of five), and without any channel rejection.""","- ""Methods have been developed to identify and remove such artifacts from the EEG signals (Gwin et al., 2010;Kline et al., 2015;Urigüen and Garcia-Zapirain, 2015), but the efficacy of such methods has been questioned recently (Castermans et al., 2014;Kline et al., 2015).""
  - ""Gwin et al. (2010) designed a channel-and component-based artifact removal algorithm that allows for successful performance in a visual oddball discrimination task even while running on a treadmill up to speeds of 6.8 km/h. Their algorithm uses channel-based template regression to remove stride phase-locked artifact followed by an adaptive mixture independent component analysis model (AMICA) to decompose the template-subtracted EEG into spatially static components.""
  - ""Nolan et al. (2010) devised the FASTER algorithm (Fully Automated Statistical Thresholding for EEG artifact Rejection), which detects and removes outliers in various data parameters for EEG time series and independent components.""","- ""A recent study by Kline et al. (2015) isolated motion artifact from EEG electrodes during walking by recording the electrical signals picked up after blocking the neural activity with a silicone cap.""
  - ""Gwin et al. (2010) designed a channel-and component-based artifact removal algorithm that allows for successful performance in a visual oddball discrimination task even while running on a treadmill up to speeds of 6.8 km/h.""
  - ""Nolan et al. (2010) devised the FASTER algorithm (Fully Automated Statistical Thresholding for EEG artifact Rejection), which detects and removes outliers in various data parameters for EEG time series and independent components.""
  - ""O' Regan and Marnane (2013) propose a method to detect artifact contamination using features from both EEG and head-mounted gyroscopes, similar to the setup in this study, which can be used to verify whether or not additional processing is necessary.""
  - ""Kline et al. (2015) propose a promising method using an EEG cap with certain channels blocked off from electrocortical signals, and using these motion artifact channels to create a template for real-time subtraction.""
  - ""we performed our analysis of the EEG data both with and without an automated artifact rejection algorithm known as the ASR method.""
  - ""Mullen et al. (2013) demonstrated that ASR can clean EEG contaminated with eye blink and muscle artifacts without distorting the ERP in an Eriksen Flanker task.""
  - ""Bulea et al. (2014) reported that ASR does not affect decoding from pre-movement epochs (and therefore, free of motion artifacts) of EEG recorded during sit-to-stand transitions, but saw an increase in classification accuracy when decoding from the post-movement epochs when ASR was not used; suggesting that motion artifacts may have been present during these epochs, which contributed to higher decoding accuracies without removing neural signals containing movement-related information.""
  - ""In our analysis, ASR was performed after calibration on motion artifact-free EEG recorded while the subject was standing at rest prior to walking.""
  - ""The algorithm would thereby statistically interpolate any highvariance signal components exceeding a threshold of three standard deviations from the covariance of the calibration data; motion artifacts increasing the variance of the signal would be identified for removal via interpolation""
  - ""By default, the ASR algorithm uses five standard deviations for the threshold, so our choice of three was a more aggressive criterion.""",PMC4710850.pdf,
A walk in the park? Characterizing gait-related artifacts in mobile EEG recordings,"Jacobsen, N.S.J., et al., 2020",HA,Overground walking,"1 Hz, zero-phase FIR filter, order 826",Yes,7 SD,Dipole/residual-variance; ICLabel,"reject IC if P(eye, muscle, heart, line noise, channel noise) > 0.9","- ""First, EEG data were high-pass filtered at 1 Hz (order 826) and low-pass filtered at 135 Hz (order 56) with the zerophase, finite impulse response (FIR) filters (eegfiltnew) and then downsampled to 250 Hz.""","- ""Without further specification, data referred to as 'artifact attenuated' are data cleaned at stage 2 (including ASR and ICA).""
  - ""Subsequently, the walking conditions and the remaining standing baseline were concatenated. For ICA attenuation, consecutive 1-s epochs were extracted and epochs with a joint probability exceeding a threshold of SD = 3 were rejected using EEGLAB's function jointprob.""
  - ""Data processed up to this stage are referred to as artifact attenuated 1.""
  - ""Following preprocessing, the ASR algorithm was applied.""
  - ""We chose to attenuate gait-related and other artifacts, like blinks, with previously used techniques, specifically a combination of ASR (Mullen et al., 2015) and ICA.""","- ""The lack of a further decrease when performing ICA after ASR hints at the fact that the chosen ASR threshold (SD = 7) was very strict.""
  - ""ASR was calibrated on 1-min standing baseline recordings and a cutoff of standard deviation (SD) of 7 was chosen, following Nordin et al. (2019).""","- ""Following ICA, previously rejected channels were interpolated and dipoles were fitted using DIPFIT (version 3.2, Oostenveld, Delorme, & Makeig, 2003). A three-layer boundary element model (BEM) and the default anatomy were chosen. Only ICs with dipoles located inside the head and a residual variance lower than 15% were kept.""
  - ""ICs were also automatically classified using IClabel (Pion-Tonachini, Kreutz-Delgado, & Makeig, 2019). Components exceeding a 90% probability of being eye, muscle, heart, line noise, and channel noise were rejected.""","- ""Components exceeding a 90% probability of being eye, muscle, heart, line noise, and channel noise were rejected.""
  - ""Only ICs with dipoles located inside the head and a residual variance lower than 15% were kept.""",PMID_32909315.pdf,
Effects of theta burst stimulation on the Parkinsonian gait disorder and cortical gait-network activity,"Dutke, J., et al., 2025",HA & PwPD,Overground walking,"0.75 Hz, Kaiser-windowed FIR filter, bandwidth 0.5 Hz, stopband attenuation -80 dB",Yes,,ICLabel; Dipole/residual-variance,reject IC if P(muscle or eye) > 0.85,"- ""EEG data were referenced to average, high-pass filtered (Kaiser-windowed FIR filter with a cutoff frequency of 0.75 Hz, bandwidth 0.5 Hz, stopband attenuation -80 dB) to reduce slow drifts and low-pass filtered (Kaiser-windowed FIR filter with a cutoff frequency at 95 Hz, bandwidth 10 Hz, stoppband attenuation -80 dB) to eliminate high-frequency DBS artifacts.""","- ""The Clean Rawdata plugin for EEGLAB removed flat line channels and reconstructed shortlasting irregular artifacts as, e.g., muscle artifacts by artifact subspace reconstruction (ASR).""","- """"The Clean Rawdata plugin for EEGLAB removed flat line channels and reconstructed shortlasting irregular artifacts as, e.g., muscle artifacts by artifact subspace reconstruction (ASR). Data portions with a variance larger than 12 SD relative to calibration data were removed, validated by visual inspection.""""","- ""DIPFIT plugin for EEGLAB by Robert Oostenveld was used to remove components with dipoles located outside the head and components with residual variance over 20%.""","- ""DIPFIT plugin for EEGLAB by Robert Oostenveld was used to remove components with dipoles located outside the head and components with residual variance over 20%.""",PMID_40383539.pdf,
Mobile electroencephalography captures differences of walking over even and uneven terrain but not of single and dual-task gait,"Jacobsen, N.S.J., et al., 2022",HA,Overground walking,"- Main analysis: 0.2 Hz (passband edge, order 4,126), zero-phase, finite impulse response (FIR) filter
- Before ICA: 1 Hz (passband edge, order 415)",Yes,20 SD,ICLabel,reject IC if P(eye movement or blinking) > 0.9,"- ""First, data were downsampled to 250 Hz and then filtered between 0.2 Hz (passband edge, order 4,126) and 60 Hz (passband edge, order 56) with zero-phase, finite impulse response (FIR) filters.""
  - ""For ICA decomposition, an interim dataset was high-pass filtered at 1 Hz (passband edge, order 415) and consecutive 1-s epochs were extracted.""","- ""Afterward, all ICs were automatically classified using IClabel (72) (version 1.3), and components exceeding a 90% probability of representing eye movement or blinking artifacts were rejected.""
  - ""For ICA decomposition, an interim dataset was high-pass filtered at 1 Hz (passband edge, order 415) and consecutive 1-s epochs were extracted. Epochs with samples exceeding a threshold of 350 µV or a joint probability of three standard deviations (jointprob) were rejected.""
  - ""Artifact subspace reconstruction (53), was calibrated with a standing baseline at the beginning of the recordings and used to correct artifacts with a cut-off of SD = 20, following the version's default settings and recommendations (54).""","- ""The same weighting matrix was used for the averaged as well as condition-specific ERSPs, in order not to introduce condition-specific variance by the artifact attenuation.""","- ""Afterward, all ICs were automatically classified using IClabel (72) (version 1.3), and components exceeding a 90% probability of representing eye movement or blinking artifacts were rejected.""","- ""Afterward, all ICs were automatically classified using IClabel (72) (version 1.3), and components exceeding a 90% probability of representing eye movement or blinking artifacts were rejected.""",PMC9582531.pdf,
The aging brain shows less flexible reallocation of cognitive resources during dual-task walking: a mobile brain/body imaging (MoBI) study,"Malcolm, B. R., et al., 2016",HA,Treadmill walking,1 Hz,No,,No ICA,,"- ""EEG was bandpass filtered from 1 to 30 Hz to remove low frequency drift and high frequency noise.""
  - ""Offline, data were processed using custom MATLAB scripts (MathWorks, Natick, MA), EEGLAB (Delorme & Makeig, 2004) and the FieldTrip toolbox (Oostenveld, Fries, Maris, & Schoffelen, 2011).""","- ""Offline, data were processed using custom MATLAB scripts (MathWorks, Natick, MA), EEGLAB (Delorme & Makeig, 2004) and the FieldTrip toolbox (Oostenveld, Fries, Maris, & Schoffelen, 2011).""
  - ""EEG was bandpass filtered from 1 to 30 Hz to remove low frequency drift and high frequency noise.""
  - ""An artifact rejection criterion of ±75 µV was applied to all electrode sites to reject trials with excessive eye movements, EMG or other noise.""
  - ""Trials with more than 6 bad channels were excluded from further analysis.""
  - ""Electrode data were interpolated using a nearest neighbor spline correction for trials in which there were 6 or fewer bad channels (Perrin, Pernier, Bertrand, Giard, & Echallier, 1987).""
  - ""Data were then re-referenced to an average reference.""","- ""EEG was bandpass filtered from 1 to 30 Hz to remove low frequency drift and high frequency noise.""
  - ""An artifact rejection criterion of ±75 µV was applied to all electrode sites to reject trials with excessive eye movements, EMG or other noise.""
  - ""Trials with more than 6 bad channels were excluded from further analysis.""
  - ""Electrode data were interpolated using a nearest neighbor spline correction for trials in which there were 6 or fewer bad channels (Perrin, Pernier, Bertrand, Giard, & Echallier, 1987).""
  - ""Data were then re-referenced to an average reference.""","- ""Data were then re-referenced to an average reference.""
  - ""Electrode data were interpolated using a nearest neighbor spline correction for trials in which there were 6 or fewer bad channels (Perrin, Pernier, Bertrand, Giard, & Echallier, 1987).""
  - ""Trials with more than 6 bad channels were excluded from further analysis.""
  - ""An artifact rejection criterion of ±75 µV was applied to all electrode sites to reject trials with excessive eye movements, EMG or other noise.""
  - ""EEG was bandpass filtered from 1 to 30 Hz to remove low frequency drift and high frequency noise.""","- ""An artifact rejection criterion of ±75 µV was applied to all electrode sites to reject trials with excessive eye movements, EMG or other noise.""
  - ""Trials with more than 6 bad channels were excluded from further analysis.""
  - ""Electrode data were interpolated using a nearest neighbor spline correction for trials in which there were 6 or fewer bad channels (Perrin, Pernier, Bertrand, Giard, & Echallier, 1987).""
  - ""Data were then re-referenced to an average reference.""",PMC5080979.pdf,
Paradoxical improvement of cognitive control in older adults under dual-task walking conditions is associated with more flexible reallocation of neural resources: A Mobile Brain-Body Imaging (MoBI) study,"Patelaki, E., et al., 2023",HA,Treadmill walking,"0.01 Hz, zero-phase Chebyshev Type II filter",No,,ICLabel (automated classifier by Pion-Tonachini),reject IC if P(muscle or eye or heart or line noise or channel noise) > 50%,"- ""In order to both achieve a high-quality ICA decomposition and retain as much low-frequency ( < 1 Hz) neural activity as possible, after running Infomax ICA ( runica function in EEGLAB, the number of retained principal components matched the rank of the EEG data) on 1-45 Hz bandpass-filtered data and obtaining the decomposition matrices (weight and sphere matrices), these matrices were transferred and applied to 0.01-45 Hz bandpass-filtered data.""
  - ""High-pass filtering was selected to be conservative based on evidence that highpass filters ≤ 0.1 Hz introduce fewer artifacts into the ERP waveforms ( Tanner et al., 2015""","- ""The remaining ICs were back-projected to the sensor space ( Klug and Gramann, 2021 ;Jungnickel and Gramann, 2016""
  - ""ICs were labeled using the ICLabel algorithm ( Pion-Tonachini et al., 2019 ). ICs whose sum of probabilities for the 5 artifactual IC classes ('Muscle', 'Eye', 'Heart', 'Line Noise', 'Channel Noise') was higher than 50% were labeled as artifacts and were thus rejected.""
  - ""Next, 'bad' electrodes were detected based on kurtosis, probability, and spectrum of the recorded data, setting the threshold to 5 standard deviations of the mean, as well as covariance, with the threshold set to ± 3 standard deviations of the mean ( Mazurek et al., 2020 ). These 'bad' electrodes were removed and interpolated based on neighboring electrodes, using spherical interpolation (5.1 ± 2.5 electrodes rejected for young adults, and 4.4 ± 2.5 for older adults).""
  - ""EEG signals were first filtered using a zero-phase Chebyshev Type II filter ( filtfilt function in MATLAB, passband ripple Apass = 1 dB, stopband attenuation Astop = 65 dB)""","- ""The remaining ICs were back-projected to the sensor space ( Klug and Gramann, 2021 ;Jungnickel and Gramann, 2016""
  - ""ICs were labeled using the ICLabel algorithm ( Pion-Tonachini et al., 2019 ). ICs whose sum of probabilities for the 5 artifactual IC classes ('Muscle', 'Eye', 'Heart', 'Line Noise', 'Channel Noise') was higher than 50% were labeled as artifacts and were thus rejected.""","- ""ICs were labeled using the ICLabel algorithm ( Pion-Tonachini et al., 2019""
  - ""ICs whose sum of probabilities for the 5 artifactual IC classes ('Muscle', 'Eye', 'Heart', 'Line Noise', 'Channel Noise') was higher than 50% were labeled as artifacts and were thus rejected.""","- ""ICs whose sum of probabilities for the 5 artifactual IC classes ('Muscle', 'Eye', 'Heart', 'Line Noise', 'Channel Noise') was higher than 50% were labeled as artifacts and were thus rejected.""",PMID_37037381.pdf,"Master Extraction contains two identical-looking 'Patelaki, E., et al., 2023' rows (N=26 and N=71) — matched here to N=26 (Yr column shows 2022, likely an early-access-vs-print-year discrepancy). Technical fields taken from Elicit filename-match (unambiguous); cohort/gait cross-check against Master Extraction is only approximate due to the duplicate citation label."
Electrocortical Dynamics of Usual Walking and the Planning to Step over Obstacles in Parkinson's Disease,"Vitório, R., et al., 2023",HA & PwPD,Overground walking,2 Hz,No,,Dipole/residual-variance; Other automated (ADJUST),dipole residual variance < 85%,"- ""The full single datasets were down-sampled to 512 Hz and band-pass filtered (2-50 Hz).""","- ""Independent components were removed from further analysis if (1) they were marked as artifactual components in the pre-processing analysis; (2) their best-fit equivalent current dipole accounted for <85% of the variance seen at the scalp and (3) presented locations outside the brain.""
  - ""The EEGLAB function ADJUST was applied to objectively define independent components carrying artifacts, such as eye blinks, muscle activity artifacts, and movement-related artifacts [30].""
  - ""The filtered datasets were screened for the removal of channels exhibiting substantial artifacts following procedures described elsewhere [26].""","- ""The EEGLAB function ADJUST was applied to objectively define independent components carrying artifacts, such as eye blinks, muscle activity artifacts, and movement-related artifacts [30].""","- ""Independent components were removed from further analysis if (1) they were marked as artifactual components in the pre-processing analysis; (2) their best-fit equivalent current dipole accounted for <85% of the variance seen at the scalp and (3) presented locations outside the brain.""
  - ""The EEGLAB function ADJUST was applied to objectively define independent components carrying artifacts, such as eye blinks, muscle activity artifacts, and movement-related artifacts""
  - ""The DIPFIT function in EEGLAB was used to model each independent component as an equivalent current dipole within a boundary element head model based on the Montreal Neurological Institute standard brain (MNI, Montreal, QC, Canada).""","- ""The DIPFIT function in EEGLAB was used to model each independent component as an equivalent current dipole within a boundary element head model based on the Montreal Neurological Institute standard brain (MNI, Montreal, QC, Canada). Independent components were removed from further analysis if (1) they were marked as artifactual components in the pre-processing analysis; (2) their best-fit equivalent current dipole accounted for <85% of the variance seen at the scalp and (3) presented locations outside the brain.""",PMC10224292.pdf,
Combined Subthalamic and Nigral Stimulation Modulates Temporal Gait Coordination and Cortical Gait-Network Activity in Parkinson's Disease,"Wagner, J. R., et al., 2022",HA & PwPD,Others,"0.75 Hz, zero-phase Kaiser-windowed FIR filter, stop-band 0-0.5 Hz, transition width 0.5 Hz, attenuation -60 dB",Yes,15 SD,Manual/visual,,"- ""After down-sampling to 1,000 Hz, high-pass filtering at 0.75 Hz (zero-phase Kaiser-windowed FIR filter, stop-band 0-0.5 Hz, transition width 0.5 Hz, attenuation -60 dB) was performed to minimize slow drifts.""
  - ""EEG data were low-pass filtered using a zero-phase Kaiser-windowed FIR filter at 100 Hz (pass-band 0-90 Hz, transition width 10 Hz, attenuation -60 dB).""","- ""This principal component analysis (PCA) based method rejected non-stationary high-amplitude components and reconstructed channel data within a 0.5 s sliding window from remaining components.""
  - ""Artifact Subspace Reconstruction (ASR) was used to detect short-lasting artifacts in the data that most probably originated from muscular activity (Mullen et al., 2015).""","- ""Artifact Subspace Reconstruction (ASR) was used to detect short-lasting artifacts in the data that most probably originated from muscular activity (Mullen et al., 2015). This principal component analysis (PCA) based method rejected non-stationary high-amplitude components and reconstructed channel data within a 0.5 s sliding window from remaining components. Rejection criterion was set to 15 SD of the mean amplitude of a clean portion of the same data.""","- ""AMICA was shown to outpower other common ICA methods in terms of component separation and dipole fitting (Delorme et al., 2012) and was successfully applied in a series of EEG analyses investigating human walking (Wagner et al., 2012(Wagner et al., , 2016(Wagner et al., , 2019)).""
  - ""On average, 11 components per subject were rejected (STIM OFF: 11 ± 5, STN DBS 11 ± 5, STN+SN DBS 11 ± 6).""
  - ""Stereotypical artifacts including eye movements, blinks, ECG, DBS and muscular artifacts were removed based on their temporal characteristic and scalp projection.""","- ""independent component analysis (ICA) was applied to decompose EEG signals. We used the adaptive mixture ICA method (AMICA) introduced by Palmer et al. (2008) which calculates temporal and spatial characteristics of independent components using a flexible sum of extended Gaussian models.""
  - ""Stereotypical artifacts including eye movements, blinks, ECG, DBS and muscular artifacts were removed based on their temporal characteristic and scalp projection. On average, 11 components per subject were rejected (STIM OFF: 11 ± 5, STN DBS 11 ± 5, STN+SN DBS 11 ± 6).""
  - ""Artifact Subspace Reconstruction (ASR) was used to detect short-lasting artifacts in the data that most probably originated from muscular activity (Mullen et al., 2015). This principal component analysis (PCA) based method rejected non-stationary high-amplitude components and reconstructed channel data within a 0.5 s sliding window from remaining components. Rejection criterion was set to 15 SD of the mean amplitude of a clean portion of the same data.""",PMC8919031.pdf,
Rhythmic neural activity is comodulated with short-term gait modifications during first-time use of a dummy prosthesis: a pilot study,"Kooiman, V.G.M., et al., 2020",HA,Treadmill walking,"1 Hz, zero-phase high-pass FIR filter",Yes,10 SD,Dipole/residual-variance,reject if dipole residual variance > 15%,"- """"After acquisition, the EEG was filtered with a zero-phase high-pass FIR filter (1 Hz) and further processed with the CleanLine EEGLAB plugin [28,29] to reduce line noise harmonics (100 and 150 Hz).""""","- """"The EEG was re-referenced to the common average and processed with the artifact subspace reconstruction (ASR) EEGLAB plugin that was used to automatically remove non-stationary large-amplitude artifacts from the data.""""","- """"The EEG was re-referenced to the common average and processed with the artifact subspace reconstruction (ASR) EEGLAB plugin that was used to automatically remove non-stationary large-amplitude artifacts from the data. During a calibration stage, the ASR method determines a noise-free subspace from the continuous data, via principal component analysis (PCA). Then, a sliding-window PCA is computed over the data and compared against the noise-free subspace. If the variance of any principal component is above a certain threshold, the principal component is labeled as artifact and removed from the data. To ensure proper calibration of the ASR, the quiet stance EEG data were appended to the experimental data recorded during the walking blocks. The ASR user interface was configured to remove channels if the correlation with surrounding channels was less than 0.5, to reconstruct artifacts lying beyond ten standard deviations from the calibration data, and to remove a 500 ms time window from all channels if more than 25% of the channels contained artifacts at that moment in time.""""","- ""ICs were identified as possible brain sources according to their anatomical location (inside the head volume) and when residual variance of their equivalent current dipole was < 15% (mean number of ICs per participant: 3 ± 1.7, range 1-8).""
  - ""Equivalent current dipoles (ECDs) which were located more than three times the standard deviation of distances within a cluster from any cluster centroid were considered outliers and were removed.""
  - ""The resulting ICs were associated with an equivalent current dipole using a standardized three-shell boundary element head model (Montreal Neurological Institute (MNI)) and standard electrode positions (EEGLAB plugin DIPFIT; [35]).""
  - ""The selected components were clustered across participants using the k-means clustering algorithm (k = 3) based on the following features: 3D anatomical location of their equivalent current dipoles, their mean power spectral density (PSD) (frequency band 3-48 Hz), their associated scalp projection, and their mean spectrogram across trials.""
  - ""The segmented EEG data were separated into components from independent brain sources using Infomax independent component analyses (ICA)""","- ""ICs were identified as possible brain sources according to their anatomical location (inside the head volume) and when residual variance of their equivalent current dipole was < 15% (mean number of ICs per participant: 3 ± 1.7, range 1-8).""
  - ""Equivalent current dipoles (ECDs) which were located more than three times the standard deviation of distances within a cluster from any cluster centroid were considered outliers and were removed.""
  - ""The selected components were clustered across participants using the k-means clustering algorithm (k = 3) based on the following features: 3D anatomical location of their equivalent current dipoles, their mean power spectral density (PSD) (frequency band 3-48 Hz), their associated scalp projection, and their mean spectrogram across trials.""
  - ""The ASR user interface was configured to remove channels if the correlation with surrounding channels was less than 0.5, to reconstruct artifacts lying beyond ten standard deviations from the calibration data, and to remove a 500 ms time window from all channels if more than 25% of the channels contained artifacts at that moment in time.""",PMC7542708.pdf,
Unidirectional brain to muscle connectivity reveals motor cortex control of leg muscles during stereotyped walking,"Artoni, F., et al., 2017",HA,Treadmill walking,"- Main analysis: 1.0 Hz, zero-phase, 24th-order filter
- Before ICA: 2 Hz, Chebyshev type II, 24th order",Yes,,Dipole/residual-variance; Other automated; Manual/visual,"- Keep IC if dipolarity > 82% (dipolar ICs)
- Keep IC if quality index > 82% (stable ICs as per RELICA)","- ""Raw data were high-pass filtered with a zero-phase, 1.0-Hz, 24th-order filter before removing line components with a custom 50-Hz comb notch filter with no real poles that maintains frequency content at low (<1.5 Hz) frequencies (Menicucci et al., 2014).""","- ""In EEG preprocessing step 2 we did not use ASR as it may result in unexpected results when paired with ERSP or connectivity measures.""
  - ""As with any calibration-statistics-based artifact-removal method, ASR may remove useful brain activity along with artifacts or alter the data in unpredictable ways. For this reason, ASR was only used as a preprocessing step in the ""EEG Preprocessing Step 1"" phase to maximize the reliability of the ICA decomposition that is then applied on more conservatively (non-ASR) processed data.""","- ""As with any calibration-statistics-based artifact-removal method, ASR may remove useful brain activity along with artifacts or alter the data in unpredictable ways. For this reason, ASR was only used as a preprocessing step in the ""EEG Preprocessing Step 1"" phase to maximize the reliability of the ICA decomposition that is then applied on more conservatively (non-ASR) processed data.""
  - ""After each iteration we noted the L1-norm of the difference between the original and processed data (μ), normalized by dividing by the L1-norm of the original data. The iterative procedure was stopped at iteration i when""","- ""Remaining EEG data were submitted to ICA decomposition with an AMICA (Palmer et al., 2007b) core and GPU-processed infomax RELICA (Artoni et al., 2014) resampling.""
  - ""Within AMICA, data whose likelihood under the AMICA-derived model was more than five standard deviations from median likelihood were removed.""
  - ""The maximum number of iterations was set to 6000.""
  - ""Only dipolar ICs (accounting for at least 82% of the variance of a given IC scalp projection map) were considered.""
  - ""To prevent unreliable ICs from obfuscating across-subject source-level analyses, only stable ICs as per RELICA (quality index > 82%) were used in further analyses.""
  - ""The retained ICs for each subject were categorized as brain or non-brain based on the Tailarach coordinates of their (best-fitting) equivalent dipole and their time-frequency transforms and power spectra.""
  - ""ICs with ASR preprocessing exhibited slightly higher dipolarity than ICs without ASR preprocessing (median 84.5 Vs 82.2; skewness -1.43 Vs -1.32).""
  - ""ICs within each of the 150 decompositions are pooled together and clustered according to their mutual similarity defined as the matrix of absolute values of the correlation coefficients between IC time courses""
  - ""ICA decompositions in which more than 10% of the ICs were not separated by this procedure into different clusters were excluded to prevent non-converging ICA runs from skewing the decomposition.""","- ""Only dipolar ICs (accounting for at least 82% of the variance of a given IC scalp projection map) were considered.""
  - ""The high quality index (QIc) values for these ICs (respectively 92%, 89%, 93%, 91%) is consistent with the relative compactness of the RELICA IC clusters, ensuring that removing these ICs from the data would not inadvertently also remove useful brain activity.""
  - ""only stable ICs as per RELICA (quality index > 82%) were used in further analyses.""
  - ""Within AMICA, data whose likelihood under the AMICA-derived model was more than five standard deviations from median likelihood were removed.""",PMC6698582.pdf,
Cognitive load reduces the effects of optic flow on gait and electrocortical dynamics during treadmill walking,"Malcolm, B. R., et al., 2018",HA,Treadmill walking,"1 Hz, zero-phase FIR, order 5632",No,,Dipole/residual-variance; Manual/visual,reject if P(brain) < 0.85 (dipole residual variance < 15%),"- ""EEG data were first high-pass filtered at 1 Hz with a zero-phase finite impulse response (FIR; order 5632) filter (Winkler et al. 2015), and then all blocks for each subject were concatenated into one data set.""
  - ""Continuous EEG was recorded with a 72-channel BioSemi ActiveTwo system (digitized at 512 Hz; pass band 0.05 to 100 Hz, 24-dB/octave).""","- ""Following this procedure, an average of 10 brain-related ICs per participant (ranging from 6 to 16 ICs) were retained for further analyses.""
  - ""ICs that were clearly artifactual were rejected; these could have included activity originating from eye blinks, bad electrodes, cable sway, and muscle activity noise (Snyder et al. 2015).""
  - ""EEG data were first high-pass filtered at 1 Hz with a zero-phase finite impulse response (FIR; order 5632) filter (Winkler et al. 2015), and then all blocks for each subject were concatenated into one data set. Noisy channels were identified and removed by visual inspection and by automatic detection of channels with signals more than five times the SD of the mean across all channels (Wagner et al. 2012). Remaining channels were re-referenced to a common average reference. Continuous data were then subjected to a manual visual inspection resulting in the rejection of any sequences that contained large or nonstereotypical artifacts. Next, an extended ICA decomposition was performed using default training mode parameters (Makeig et al. 1996).""","- ""EEG data were first high-pass filtered at 1 Hz with a zero-phase finite impulse response (FIR; order 5632) filter (Winkler et al. 2015), and then all blocks for each subject were concatenated into one data set. Noisy channels were identified and removed by visual inspection and by automatic detection of channels with signals more than five times the SD of the mean across all channels (Wagner et al. 2012).""
  - ""Continuous data were then subjected to a manual visual inspection resulting in the rejection of any sequences that contained large or nonstereotypical artifacts.""
  - ""Next, an extended ICA decomposition was performed using default training mode parameters (Makeig et al. 1996).""
  - ""Resulting ICs were coregistered with a standard Montreal Neurological Institute (MNI) boundary element head model and fit with single equivalent current dipole models using the DIPFIT toolbox in EEGLAB (Delorme et al. 2012;Oostenveld and Oostendorp 2002).""
  - ""ICs that were clearly artifactual were rejected; these could have included activity originating from eye blinks, bad electrodes, cable sway, and muscle activity noise (Snyder et al. 2015).""
  - ""Two experienced EEG raters, B.R.M. (first author) and P.D. (senior author), visually inspected, compared, and discussed their ratings of ICs.""
  - ""For example, to determine that probable brain ICs were not contaminated with muscle noise, spectral power plots extending out to 100 Hz were examined to determine that ICs maintained the 1/f power roll-off.""","- ""Resulting ICs were coregistered with a standard Montreal Neurological Institute (MNI) boundary element head model and fit with single equivalent current dipole models using the DIPFIT toolbox in EEGLAB (Delorme et al. 2012;Oostenveld and Oostendorp 2002). Only ICs for which the estimated dipole model was located within the brain and explained Ͼ85% of the variance of the IC scalp map were retained (Gwin et al. 2011;Sipp et al. 2013).""
  - ""Two experienced EEG raters, B.R.M. (first author) and P.D. (senior author), visually inspected, compared, and discussed their ratings of ICs. Rejection criteria were based on topography, spectra, component activation time course, and estimated dipole location (Jung et al. 2000).""
  - ""Following this procedure, an average of 10 brain-related ICs per participant (ranging from 6 to 16 ICs) were retained for further analyses.""
  - ""ICs that were clearly artifactual were rejected; these could have included activity originating from eye blinks, bad electrodes, cable sway, and muscle activity noise (Snyder et al. 2015).""","- ""Only ICs for which the estimated dipole model was located within the brain and explained Ͼ85% of the variance of the IC scalp map were retained (Gwin et al. 2011;Sipp et al. 2013).""
  - ""Rejection criteria were based on topography, spectra, component activation time course, and estimated dipole location (Jung et al. 2000).""
  - ""ICs that were clearly artifactual were rejected; these could have included activity originating from eye blinks, bad electrodes, cable sway, and muscle activity noise (Snyder et al. 2015).""
  - ""For example, to determine that probable brain ICs were not contaminated with muscle noise, spectral power plots extending out to 100 Hz were examined to determine that ICs maintained the 1/f power roll-off.""",PMC6295527.pdf,
Mobile Brain/Body Imaging (MoBI): High-density electrical mapping of inhibitory processes during walking,"De Sanctis, P et al., 2012",HA,Treadmill walking,1 Hz,No,Not reported (the paper does not mention ASR or provide a standard deviation value for artifact removal),No ICA,,"- ""The data were recorded at 512 Hz and bandpass filtered from 1 to 40Hz (24 dB/octave).""","- ""To confirm that there was minimal contamination of the broadband evoked response from muscles and eye movements which are commonly shown in frequencies of 8Hz or higher, we computed the Fast Fourier Transform on the epoched GO trials for each participant for all three conditions.""
  - ""Trials with more than six artifact channels were rejected.""
  - ""We applied an automatic artifact rejection criterion of ±75 μV across all electrodes in the array.""","- ""Trials with more than six artifact channels were rejected.""
  - ""We applied an automatic artifact rejection criterion of ±75 μV across all electrodes in the array.""","- ""We computed the correlation coefficient matrix for each participant and for the group average.""
  - ""To confirm that there was minimal contamination of the broadband evoked response from muscles and eye movements which are commonly shown in frequencies of 8Hz or higher, we computed the Fast Fourier Transform on the epoched GO trials for each participant for all three conditions.""
  - ""Trials with more than six artifact channels were rejected.""
  - ""We applied an automatic artifact rejection criterion of ±75 μV across all electrodes in the array.""","- ""We applied an automatic artifact rejection criterion of ±75 μV across all electrodes in the array.""
  - ""Trials with more than six artifact channels were rejected.""
  - ""To confirm that there was minimal contamination of the broadband evoked response from muscles and eye movements which are commonly shown in frequencies of 8Hz or higher, we computed the Fast Fourier Transform on the epoched GO trials for each participant for all three conditions.""",PMID_23366197.pdf,
The effects of blurred visual inputs with different levels on the cerebral activity during free level walking,"Ao, M., et al., 2023",HA,Overground walking,Not reported (the paper does not specify a high-pass filter cutoff frequency or type/design),No,,"ICA used, method unspecified",,"- ""Offline analysis was performed using the WinEEG software (www.mitsar-EEG.com), with a low-pass filter at 30 Hz.""
  - ""The EEG signals were bandpass-filtered from 0 to 100 Hz.""
  - ""The EEG epochs were segmented and baseline corrected. Epochs of more than 80 µV were excluded as artifacts.""","- """"The EEG epochs were segmented and baseline corrected. Epochs of more than 80 µV were excluded as artifacts. The independent component analysis (ICA) was employed to eliminate the blink artifacts and artifacts related to the contraction of frontal and temporal muscles or neck muscles.""""","- ""The EEG epochs were segmented and baseline corrected. Epochs of more than 80 µV were excluded as artifacts.""
  - ""The independent component analysis (ICA) was employed to eliminate the blink artifacts and artifacts related to the contraction of frontal and temporal muscles or neck muscles.""","- """"The EEG epochs were segmented and baseline corrected. Epochs of more than 80 µV were excluded as artifacts. The independent component analysis (ICA) was employed to eliminate the blink artifacts and artifacts related to the contraction of frontal and temporal muscles or neck muscles.""""","- ""The independent component analysis (ICA) was employed to eliminate the blink artifacts and artifacts related to the contraction of frontal and temporal muscles or neck muscles.""",PMC10149992.pdf,
Assessing Neurokinematic and Neuromuscular Connectivity During Walking Using Mobile Brain-Body Imaging,"Zhao, M., et al., 2022",HA,Treadmill walking,1 Hz,No,,"Other automated (e.g. kurtosis, ADJUST, MARA, correlation-based)","- Reject IC if maximum kurtosis > 12 (ocular artifacts)
- Reject IC if mean sample entropy < 0.8 (movement artifacts)
- Reject IC if power in [30-80 Hz] > power in [1-30 Hz] (myogenic artifacts)","- ""We first corrected the bad channels in the hdEEG data (Guarnieri et al., 2018), digitally filtered them in the frequency band between 1 and 80 Hz and downsampled them to 200 Hz.""
  - ""We reconstructed neural signals in the alpha (8–13 Hz), beta (13–30 Hz), and gamma (30–50 Hz) frequency bands, and assessed the co-modulations of their power envelopes with myogenic/velocity envelopes.""
  - ""After artifact attenuation, we re-referenced the hdEEG signals using the average reference approach (Liu et al., 2015).""","- ""Specifically, we attenuated the ocular artifacts by decomposing the hdEEG data with deflation-FastICA (Hyvarinen, 1999) and removing the components with maximum kurtosis over 5-s windows above 12; then, we attenuated the movement artifacts by decomposing the data with symmetric-FastICA (Hyvarinen, 1999) and removing the resulting components with mean sample entropy over 20-s windows below 0.8; finally, we attenuated the myogenic artifacts by decomposing the data with independent vector analysis (Anderson et al., 2011) and removing the components with power in the [30-80 Hz] band larger than the power in the [1-30 Hz] band.""
  - ""Then, we applied a multi-step blind source separation approach to minimize the impact of ocular, movement and myogenic artifacts in the mobile hdEEG data (Zhao et al., 2021).""
  - ""We first corrected the bad channels in the hdEEG data (Guarnieri et al., 2018), digitally filtered them in the frequency band between 1 and 80 Hz and downsampled them to 200 Hz.""","- ""Specifically, we attenuated the ocular artifacts by decomposing the hdEEG data with deflation-FastICA (Hyvarinen, 1999) and removing the components with maximum kurtosis over 5-s windows above 12; then, we attenuated the movement artifacts by decomposing the data with symmetric-FastICA (Hyvarinen, 1999) and removing the resulting components with mean sample entropy over 20-s windows below 0.8; finally, we attenuated the myogenic artifacts by decomposing the data with independent vector analysis (Anderson et al., 2011) and removing the components with power in the [30-80 Hz] band larger than the power in the [1-30 Hz] band.""
  - ""Then, we applied a multi-step blind source separation approach to minimize the impact of ocular, movement and myogenic artifacts in the mobile hdEEG data (Zhao et al., 2021).""
  - ""We first corrected the bad channels in the hdEEG data (Guarnieri et al., 2018), digitally filtered them in the frequency band between 1 and 80 Hz and downsampled them to 200 Hz.""","- ""Specifically, we attenuated the ocular artifacts by decomposing the hdEEG data with deflation-FastICA (Hyvarinen, 1999) and removing the components with maximum kurtosis over 5-s windows above 12; then, we attenuated the movement artifacts by decomposing the data with symmetric-FastICA (Hyvarinen, 1999) and removing the resulting components with mean sample entropy over 20-s windows below 0.8; finally, we attenuated the myogenic artifacts by decomposing the data with independent vector analysis (Anderson et al., 2011) and removing the components with power in the [30-80 Hz] band larger than the power in the [1-30 Hz] band.""
  - ""we applied a multi-step blind source separation approach to minimize the impact of ocular, movement and myogenic artifacts in the mobile hdEEG data (Zhao et al., 2021).""","- ""we attenuated the ocular artifacts by decomposing the hdEEG data with deflation-FastICA (Hyvarinen, 1999) and removing the components with maximum kurtosis over 5-s windows above 12; then, we attenuated the movement artifacts by decomposing the data with symmetric-FastICA (Hyvarinen, 1999) and removing the resulting components with mean sample entropy over 20-s windows below 0.8; finally, we attenuated the myogenic artifacts by decomposing the data with independent vector analysis (Anderson et al., 2011) and removing the components with power in the [30-80 Hz] band larger than the power in the [1-30 Hz] band.""",PMC9204106.pdf,"Author/year duplicate (Zhao, M. et al., 2022 appears twice in corpus — this is the 'neurokinematic/neuromuscular connectivity' paper). Cohort/gait confirmed via filename-matched Elicit extraction; unambiguous on technical fields."
Neural signature of mobility-related everyday function in older adults at-risk of cognitive impairment,"De Sanctis, P., et al., 2023",HA,Treadmill walking,2 Hz (zerophase FIR filter order 3380),No,,"Dipole/residual-variance, Manual/visual","keep IC if dipole residual variance < 20% (i.e., fit accounts for at least 80% of the variance)","- ""Continuous EEG was recorded with a 160-channel BioSemi Active Two system (digitized at 512Hz; 0.05 to 100 Hz pass-band, 24 dB/octave).""","- ""ICs originating from eye blinks, bad electrodes, cable sway and muscle activity noise were rejected (Snyder, Kline et al. 2015).""
  - ""an adaptive independent component analysis (ICA) mixture model algorithm (RUNICA) was used to decompose EEG signals into independent components (ICs).""
  - ""Data were visually inspected, and additional channels were excluded if artefacts were present over ~50 sec.""
  - ""An automatic channel rejection procedure (Kothe 2017) was applied to exclude channels with flat lines, correlation between neighboring channels < 0.6, and values of line noise exceeding signal by 8 standard deviations.""","- ""An automatic channel rejection procedure (Kothe 2017) was applied to exclude channels with flat lines, correlation between neighboring channels < 0.6, and values of line noise exceeding signal by 8 standard deviations.""
  - ""Data were visually inspected, and additional channels were excluded if artefacts were present over ~50 sec.""
  - ""an adaptive independent component analysis (ICA) mixture model algorithm (RUNICA) was used to decompose EEG signals into independent components (ICs).""
  - ""ICs originating from eye blinks, bad electrodes, cable sway and muscle activity noise were rejected (Snyder, Kline et al. 2015).""
  - ""Only dipoles located within the brain, with a fit accounting for at least 80% of the variance for a given IC scalp projection, were retained (Artoni, Menicucci et al. 2014).""","- ""An automatic channel rejection procedure (Kothe 2017) was applied to exclude channels with flat lines, correlation between neighboring channels < 0.6, and values of line noise exceeding signal by 8 standard deviations.""
  - ""Data were visually inspected, and additional channels were excluded if artefacts were present over ~50 sec.""
  - ""ICs originating from eye blinks, bad electrodes, cable sway and muscle activity noise were rejected""
  - ""Only dipoles located within the brain, with a fit accounting for at least 80% of the variance for a given IC scalp projection, were retained""
  - ""Brain ICs were clustered across participants using feature vectors coding for IC difference in power spectral density, dipole location, and scalp projection""
  - ""ICs greater than three standard deviations from a cluster centroid were classified as outliers.""","- ""Only dipoles located within the brain, with a fit accounting for at least 80% of the variance for a given IC scalp projection, were retained (Artoni, Menicucci et al. 2014).""
  - ""In addition, ICs originating from eye blinks, bad electrodes, cable sway and muscle activity noise were rejected (Snyder, Kline et al. 2015).""",PMC10281759.pdf,
Effects of Matched and Mismatched Visual Flow and Gait Speeds on Human Electrocortical Spectral Power,"Cheng, Y.-P., et al., 2025",HA,Treadmill walking,1 Hz,No,,ICLabel; Dipole/residual-variance,"reject IC if P(non-brain) > 0.9, retain if dipole residual variance < 15%","- ""A 1 Hz high-pass filter and robust reference was applied [32], followed by sliding window spectral cleaning using principal component analysis to remove transient large-amplitude fluctuations [21] and canonical correlation analysis to remove electrical and muscle activity artifacts [33,34].""","- ""Independent components were labeled for likelihood of brain, muscle, eye, or noisy signals [36], where components with 90% or higher chance to be non-brain signals were rejected.""
  - ""After concatenating all pre-processed data among conditions, we rejected remaining noisy channels and down-sampled the data to 256 Hz before applying an Adaptive Mixture Independent Component Analysis in EEGLAB [35].""
  - ""A 1 Hz high-pass filter and robust reference was applied [32], followed by sliding window spectral cleaning using principal component analysis to remove transient large-amplitude fluctuations [21] and canonical correlation analysis to remove electrical and muscle activity artifacts [33,34].""
  - ""We used an adapted data pre-processing pipeline to remove noise from our EEG recordings [21].""","- ""Independent components were labeled for likelihood of brain, muscle, eye, or noisy signals [36], where components with 90% or higher chance to be non-brain signals were rejected.""
  - ""After concatenating all pre-processed data among conditions, we rejected remaining noisy channels and down-sampled the data to 256 Hz before applying an Adaptive Mixture Independent Component Analysis in EEGLAB [35].""
  - ""A 1 Hz high-pass filter and robust reference was applied [32], followed by sliding window spectral cleaning using principal component analysis to remove transient large-amplitude fluctuations [21] and canonical correlation analysis to remove electrical and muscle activity artifacts [33,34].""
  - ""We used an adapted data pre-processing pipeline to remove noise from our EEG recordings [21].""","- ""Independent components were modeled as equivalent current dipoles using DIPFIT in EEGLAB, retaining components with residual variance below 15%.""
  - ""Independent components were labeled for likelihood of brain, muscle, eye, or noisy signals [36], where components with 90% or higher chance to be non-brain signals were rejected.""","- ""Independent components were labeled for likelihood of brain, muscle, eye, or noisy signals [36], where components with 90% or higher chance to be non-brain signals were rejected.""
  - ""Independent components were modeled as equivalent current dipoles using DIPFIT in EEGLAB, retaining components with residual variance below 15%.""",PMC12109666.pdf,
Neural markers of proactive and reactive cognitive control are altered during walking: A Mobile Brain-Body Imaging (MoBI) study,"Richardson, D. P., et al., 2022",HA,Treadmill walking,1 Hz,No,,ICLabel (automated classifier by Pion-Tonachini),reject IC if P(brain) < 0.7,"- ""EEG data were down-sampled to 512 Hz, datasets were re-referenced to the average reference, and adaptive mixture ICA (Palmer et al., 2008;Sejnowski, 1996) was performed.""","- ""EEG data were visually inspected, and data corresponding to block intermissions was removed. EEG was bandpass filtered 1-50 Hz, and bad channels were identified on the basis of being flat for > 5 s, and/or correlation to nearest neighbors < 0.8. Bad channels were removed and interpolated. EEG data were down-sampled to 512 Hz, datasets were re-referenced to the average reference, and adaptive mixture ICA (Palmer et al., 2008;Sejnowski, 1996) was performed. Resultant ICs were inspected, and classified into 7 categories (Brain, Eye, Muscle, Heart, Channel Noise, Line Noise, Other) using an automated component classifier (ICLabel v1.2.5) (Pion-Tonachini et al., 2019) that computes IC class probabilities for components. ICs with a brain classification below 0.7 were excluded from analysis.""","- ""EEG data were visually inspected, and data corresponding to block intermissions was removed. EEG was bandpass filtered 1-50 Hz, and bad channels were identified on the basis of being flat for > 5 s, and/or correlation to nearest neighbors < 0.8. Bad channels were removed and interpolated. EEG data were down-sampled to 512 Hz, datasets were re-referenced to the average reference, and adaptive mixture ICA (Palmer et al., 2008;Sejnowski, 1996) was performed. Resultant ICs were inspected, and classified into 7 categories (Brain, Eye, Muscle, Heart, Channel Noise, Line Noise, Other) using an automated component classifier (ICLabel v1.2.5) (Pion-Tonachini et al., 2019) that computes IC class probabilities for components. ICs with a brain classification below 0.7 were excluded from analysis.""","- ""ICs with a brain classification below 0.7 were excluded from analysis.""","- ""ICs with a brain classification below 0.7 were excluded from analysis.""",PMC8822329.pdf,
Electrocortical activity distinguishes between uphill and level walking in humans,"Bradford, J. C., et al., 2016",HA,Treadmill walking,Not reported (the paper does not mention a high-pass filter for EEG),No,,Dipole/residual-variance; Manual/visual,reject if dipole residual variance > 15% (equivalent to dipole residual variance < 85%),"- ""We high-pass filtered (20 Hz cut-off frequency, fourth-order Butterworth filter, zero-lag) and full-wave rectified the EMG signals.""
  - ""We computed log power spectra for level and incline walking for each cluster using a Wilcoxon (rank-sum) test to evaluate mean power differences between conditions within a moving 2-Hz frequency window (␣ ϭ 0.05).""
  - ""We removed ICs from further analysis if their best-fit equivalent current dipole accounted for less than 85% of the variance seen at the scalp (Gwin et al. 2011), or if their scalp map or spectra were indicative of an eye or muscle artifact (Jung et al. 2000a (Jung et al. , 2000b))""","- ""We performed an additional experiment using a method for characterizing artifact for our specific study parameters (Kline et al. 2015). The results of the motion artifact experiment did not demonstrate spectral fluctuation patterns similar to those found in the actual EEG data.""
  - ""Our reliance on a relatively slow walking speed (0.75 m/s), use of active, wet electrodes (Nonclercq and Mathys 2010), and data processing with IC analysis (Oliveira et al. 2015) clear differences.""
  - ""We removed ICs from further analysis if their best-fit equivalent current dipole accounted for less than 85% of the variance seen at the scalp (Gwin et al. 2011), or if their scalp map or spectra were indicative of an eye or muscle artifact (Jung et al. 2000a (Jung et al. , 2000b))""","- ""We removed ICs from further analysis if their best-fit equivalent current dipole accounted for less than 85% of the variance seen at the scalp (Gwin et al. 2011), or if their scalp map or spectra were indicative of an eye or muscle artifact (Jung et al. 2000a (Jung et al. , 2000b))""
  - ""We clustered 342 ICs from 19 subjects using a k-means clustering algorithm available in EEGLAB on vectors jointly coding similarities in dipole location, scalp topography, and frequency spectra (Gramann et al. 2010;Jung et al. 2001) and set the number of clusters to 12 to agree with previous studies from our lab (Gwin et al. 2011;Gwin and Ferris 2012;Sipp et al. 2013).""
  - ""We computed log power spectra for level and incline walking for each cluster using a Wilcoxon (rank-sum) test to evaluate mean power differences between conditions within a moving 2-Hz frequency window (␣ ϭ 0.05).""","- ""We removed ICs from further analysis if their best-fit equivalent current dipole accounted for less than 85% of the variance seen at the scalp (Gwin et al. 2011), or if their scalp map or spectra were indicative of an eye or muscle artifact (Jung et al. 2000a (Jung et al. , 2000b))""
  - ""The DIPFIT function in EEGLAB (Oostenveld and Oostendorp 2002) modeled each IC as an equivalent current dipole within a boundary element head model based on the Montreal Neurological Institute standard brain (Quebec).""","- ""We removed ICs from further analysis if their best-fit equivalent current dipole accounted for less than 85% of the variance seen at the scalp (Gwin et al. 2011), or if their scalp map or spectra were indicative of an eye or muscle artifact (Jung et al. 2000a (Jung et al. , 2000b))""",PMID_26683062.pdf,
Characterizing neurocognitive impairments in Parkinson's disease with mobile EEG when walking and stepping over obstacles,"Mustile, M., et al., 2023",HA & PwPD,Overground walking,,No,,Dipole/residual-variance,"reject IC if P(eye, muscle, heart, line noise, channel noise) > 0.9; keep IC if dipole residual variance < 15%","- ""The baseline corresponded to the mean activity of the overall epoch, and the interval was chosen to include the longest latency of the median of the 'start' (the onset of walking) across participants and conditions.""
  - ""Eventrelated spectral perturbations were obtained by computing the mean difference between single-trial log spectrograms for each channel, for each participant and the mean baseline spectrum, from -4500 ms preceding to 2000 ms following the obstacle stepping.""
  - ""Epochs were further visually inspected to identify trials that still appeared to be contaminated by prominent muscle artefacts, and these were manually removed.""
  - ""After rejection of artefactual components, the remaining data were segmented into epochs ranging from -5000 to 3000 ms around obstacle avoidance markers (i.e. the obstacle 'crossing' event, which was defined as time 0).""
  - ""Components exceeding a 90% probability of being eye, muscle, heart, line noise and channel noise were rejected. Only brain independent components with dipoles located inside the head and a residual variance lower than 15% were kept.""","- ""After rejection of artefactual components, the remaining data were segmented into epochs ranging from -5000 to 3000 ms around obstacle avoidance markers""
  - ""Only brain independent components with dipoles located inside the head and a residual variance lower than 15% were kept.""
  - ""Components exceeding a 90% probability of being eye, muscle, heart, line noise and channel noise were rejected.""","- ""Only brain independent components with dipoles located inside the head and a residual variance lower than 15% were kept.""
  - ""Components exceeding a 90% probability of being eye, muscle, heart, line noise and channel noise were rejected.""","- ""Only brain independent components with dipoles located inside the head and a residual variance lower than 15% were kept.""
  - ""Components exceeding a 90% probability of being eye, muscle, heart, line noise and channel noise were rejected.""","- ""Components exceeding a 90% probability of being eye, muscle, heart, line noise and channel noise were rejected.""
  - ""Only brain independent components with dipoles located inside the head and a residual variance lower than 15% were kept.""",PMC10724048.pdf,
Maintaining task performance levels under cognitive load while walking requires widespread reallocation of neural resources: A Mobile Brain-Body Imaging (MoBI) study,"Patelaki, E., et al., 2024",HA,Treadmill walking,"0.01 Hz (for ICA), Not reported (for main analysis)",No,,ICLabel (automated classifier by Pion-Tonachini),reject IC if P(muscle or eye or heart or line noise or channel noise) > 50%,"- ""In order to both achieve a high-quality ICA decomposition and retain as much low-frequency (< 1 Hz) neural activity as possible, after running Infomax ICA (runica function in EEGLAB, the number of retained principal components matched the rank of the EEG data) on 1-45 Hz bandpass-filtered data and obtaining the decomposition matrices (weight and sphere matrices), these matrices were transferred and applied to 0.01-45 Hz bandpass-filtered data.""
  - ""It has been shown that 1-2 Hz highpass filtered EEG data yield the optimal Independent Component Analysis (ICA) decomposition results in terms of signal-to-noise ratio (Klug & Gramann, 2021;Winkler et al., 2015).""
  - ""High-pass filtering was selected to be conservative based on evidence that high-pass filters ≤ 0.1 Hz introduce fewer artifacts into the ERP waveforms (Tanner et al., 2015).""
  - ""EEG signals were first filtered using a zero-phase Chebyshev Type II filter (filtfilt function in MATLAB, passband ripple Apass = 1 dB, stopband attenuation Astop = 65 dB)""","- ""EEG signals were first filtered using a zero-phase Chebyshev Type II filter (filtfilt function in MATLAB, passband ripple Apass = 1 dB, stopband attenuation Astop = 65 dB) (Mazurek et al., 2020), and subsequently down-sampled from 2048 Hz to 512 Hz.""
  - ""Next, 'bad' electrodes were detected based on kurtosis, probability, and the spectrum of the recorded data, setting the threshold to 5 standard deviations of the mean, as well as covariance, with the threshold set to ±3 standard deviations of the mean (Mazurek et al., 2020). These 'bad' electrodes were removed and interpolated based on neighboring electrodes, using spherical interpolation.""
  - ""All the electrodes were re-referenced offline to a common average reference.""
  - ""It has been shown that 1-2 Hz highpass filtered EEG data yield the optimal Independent Component Analysis (ICA) decomposition results in terms of signal-to-noise ratio (Klug & Gramann, 2021;Winkler et al., 2015).""
  - ""ICs were labeled using the ICLabel algorithm (Pion-Tonachini et al., 2019). ICs whose sum of probabilities for the five artifactual IC classes ('Muscle', 'Eye', 'Heart', 'Line Noise', 'Channel Noise') was higher than 50% were labeled as artifacts and were thus rejected.""
  - ""The remaining ICs were back-projected to the sensor space (Jungnickel & Gramann, 2016;Klug & Gramann, 2021;Mazurek et al., 2021).""","- ""ICs whose sum of probabilities for the five artifactual IC classes ('Muscle', 'Eye', 'Heart', 'Line Noise', 'Channel Noise') was higher than 50% were labeled as artifacts and were thus rejected.""
  - ""The remaining ICs were back-projected to the sensor space (Jungnickel & Gramann, 2016;Klug & Gramann, 2021;Mazurek et al., 2021).""
  - ""ICs were labeled using the ICLabel algorithm (Pion-Tonachini et al., 2019).""","- ""ICs were labeled using the ICLabel algorithm (Pion-Tonachini et al., 2019).""
  - ""ICs whose sum of probabilities for the five artifactual IC classes ('Muscle', 'Eye', 'Heart', 'Line Noise', 'Channel Noise') was higher than 50% were labeled as artifacts and were thus rejected.""","- ""ICs whose sum of probabilities for the five artifactual IC classes ('Muscle', 'Eye', 'Heart', 'Line Noise', 'Channel Noise') was higher than 50% were labeled as artifacts and were thus rejected.""
  - ""ICs were labeled using the ICLabel algorithm (Pion-Tonachini et al., 2019).""",PMC10842245.pdf,
Electrocortical Activity Correlated with Locomotor Adaptation during Split-belt Treadmill Walking,"Jacobsen, N. A., et al., 2023",HA,Treadmill walking,"1 Hz (zerophase, 2 nd order, Butterworth)",No,Not reported (the paper uses R 2 values for artifact removal but does not mention ASR or SD thresholds),Dipole/residual-variance,reject IC if residual variance > 15%,"- ""All EEG, EMG and noise channel data were high-pass filtered at 1 Hz (zerophase, 2 nd order, Butterworth) to attenuate slow drifts.""","- ""After noise and muscle artifact removal with iCanClean, CleanLine (Mullen, 2012) attenuated 60 Hz line-noise in the EEG data.""
  - ""The iCanClean algorithm first finds noise components by calculating canonical correlation between electrophysiological and noise channels (X and Y, respectively). Next noise components are selected based those with a squared pairwise correlation coefficient referred to as R 2 greater than a set threshold. Then, we find how the selected noise components project onto the EEG/EMG channels. Lastly the noise component projection is subtracted from the EEG/EMG data.""
  - ""To decrease motion and muscle artifact that contaminate EEG, we cleaned the EEG data with a novel method referred to as iCanClean that incorporates canonical correlation analysis (Gonsisko et al., 2023).The""","- ""In the first two cycles, motion artifact components were removed from the EEG and EMG data, with the difference being that two different window size parameters were used for each cycle: infinite window to remove stationary noise (R 2 = 0.95) and 2 s window to remove non-stationary noise (R 2 = 0.05).""
  - ""The iCanClean algorithm first finds noise components by calculating canonical correlation between electrophysiological and noise channels (X and Y, respectively). Next noise components are selected based those with a squared pairwise correlation coefficient referred to as R 2 greater than a set threshold.""
  - ""In the third cycle, muscle artifacts were attenuated in the EEG data (window size = 2 s, R 2 = 0.95).""
  - ""To decrease motion and muscle artifact that contaminate EEG, we cleaned the EEG data with a novel method referred to as iCanClean that incorporates canonical correlation analysis (Gonsisko et al., 2023).The""","- ""After source localization, we rejected artifact components that met any of the following criteria: high residual variance (residual variance > 15%), positive power spectra (2-40 Hz spectra linear slope > 0), located outside the skull, and high cross-frequency power-power coupling in high frequency bands [correlation coefficient >0.3 in low (< 8 Hz) and high (>30 Hz) frequency windows] as seen in eye and muscle components (Thammasan & Miyakoshi, 2020).""
  - ""An average of 21 ± 7 components per participant remained for group analysis.""","- ""After source localization, we rejected artifact components that met any of the following criteria: high residual variance (residual variance > 15%), positive power spectra (2-40 Hz spectra linear slope > 0), located outside the skull, and high cross-frequency power-power coupling in high frequency bands [correlation coefficient >0.3 in low (< 8 Hz) and high (>30 Hz) frequency windows] as seen in eye and muscle components (Thammasan & Miyakoshi, 2020).""
  - ""An average of 21 ± 7 components per participant remained for group analysis.""",PMC10528133.pdf,
Young adults who improve performance during dual-task walking show more flexible reallocation of cognitive resources: a mobile brain-body imaging (MoBI) study,"Patelaki, E., et al., 2022",HA,Treadmill walking,Not reported (no high-pass filter was applied),No,,ICLabel (automated classifier by Pion-Tonachini),reject IC if P(muscle or eye or heart or line noise or channel noise) > 50%,"- ""In order to both achieve a highquality ICA decomposition and retain as much lowfrequency (< 1 Hz) neural activity as possible, after running Infomax ICA (""runica"" function in EEGLAB, the number of retained principal components matched the rank of the EEG data) on 1-45 Hz bandpass-filtered data and obtaining the decomposition matrices (weight and sphere matrices), these matrices were transferred and applied to 45-Hz lowpass-filtered data. No highpass filtering was applied, since there is evidence indicating that the best way to avoid introducing artifacts into the ERP waveforms is either to use conservative high-pass filters (≤ 0.1 Hz) or to avoid high-pass filtering altogether (Tanner et al. 2015).""
  - ""EEG signals were first filtered using a zero-phase Chebyshev Type II filter (""filtfilt"" function in MATLAB, passband ripple ""Apass"" = 1 dB, and stopband attenuation ""Astop"" = 65 dB) (Mazurek et al. 2020), and subsequently down-sampled from 2,048 to 512 Hz.""","- ""The remaining ICs were back-projected to the sensor space.""
  - ""ICs were labeled using the ICLabel algorithm (Pion-Tonachini et al. 2019). ICs whose sum of probabilities for the 5 artifactual IC classes (""Muscle,"" ""Eye,"" ""Heart,"" ""Line Noise,"" and ""Channel Noise"") was higher than 50% were labeled as artifactual and were thus rejected.""
  - ""Next, ""bad"" electrodes were detected based on kurtosis, probability, and spectrum of the recorded data, setting the threshold to 5 standard deviations of the mean, as well as covariance, with the threshold set to ±3 standard deviations of the mean (Mazurek et al. 2020). These ""bad"" electrodes were removed and interpolated based on neighboring electrodes, using spherical interpolation.""
  - ""EEG signals were first filtered using a zero-phase Chebyshev Type II filter (""filtfilt"" function in MATLAB, passband ripple ""Apass"" = 1 dB, and stopband attenuation ""Astop"" = 65 dB) (Mazurek et al. 2020), and subsequently down-sampled from 2,048 to 512 Hz.""","- ""Next, ""bad"" electrodes were detected based on kurtosis, probability, and spectrum of the recorded data, setting the threshold to 5 standard deviations of the mean, as well as covariance, with the threshold set to ±3 standard deviations of the mean (Mazurek et al. 2020). These ""bad"" electrodes were removed and interpolated based on neighboring electrodes, using spherical interpolation.""
  - ""EEG signals were first filtered using a zero-phase Chebyshev Type II filter (""filtfilt"" function in MATLAB, passband ripple ""Apass"" = 1 dB, and stopband attenuation ""Astop"" = 65 dB) (Mazurek et al. 2020), and subsequently down-sampled from 2,048 to 512 Hz.""
  - ""ICs were labeled using the ICLabel algorithm (Pion-Tonachini et al. 2019). ICs whose sum of probabilities for the 5 artifactual IC classes (""Muscle,"" ""Eye,"" ""Heart,"" ""Line Noise,"" and ""Channel Noise"") was higher than 50% were labeled as artifactual and were thus rejected.""","- ""ICs were labeled using the ICLabel algorithm (Pion-Tonachini et al. 2019).""
  - ""ICs whose sum of probabilities for the 5 artifactual IC classes (""Muscle,"" ""Eye,"" ""Heart,"" ""Line Noise,"" and ""Channel Noise"") was higher than 50% were labeled as artifactual and were thus rejected.""","- ""ICs whose sum of probabilities for the 5 artifactual IC classes (""Muscle,"" ""Eye,"" ""Heart,"" ""Line Noise,"" and ""Channel Noise"") was higher than 50% were labeled as artifactual and were thus rejected.""
  - ""ICs were labeled using the ICLabel algorithm (Pion-Tonachini et al. 2019).""",PMC10016048.pdf,"Patelaki, E. et al., 2022 ('young adults dual-task') — no confident 1:1 match found in the 67-row Master Extraction (which only carries two same-citation 'Patelaki, E., et al., 2023' rows, likely covering the 2023 and 2024 papers). This paper's cohort/gait/technical fields are taken from the Elicit filename-matched extraction only; not independently cross-verified against Master Extraction. Please confirm this is a genuine addition to the corpus, not a citation-year mismatch elsewhere."
Dynamics of brain-muscle networks reveal effects of age and somatosensory function on gait,"Roeder, L., et al., 2024",HA & PwPD,Overground walking,0.5 Hz (2nd order Butterworth),No,,Manual/visual,,"- ""EEG signals were band-pass filtered (2 nd order Butterworth, 0.5-70 Hz) and re-referenced to a common average reference (EEGLAB version 13.6.5).""
  - ""MG data were high-pass filtered (4 th order Butterworth, 20 Hz cut-off) and full-wave rectified using the Hilbert transform.""","- ""Finally, we calculated bipolar EEG montages to assess cortical activity from bilateral sensorimotor cortices: C3-F3 for the left sensorimotor cortex, and C4-F4 for the right sensorimotor cortex.""
  - ""Independent components containing eye blink, muscle, or movement artifacts were removed from the data.""
  - ""EEG signals were band-pass filtered (2 nd order Butterworth, 0.5-70 Hz) and re-referenced to a common average reference (EEGLAB version 13.6.5).""
  - ""Data pre-processing EEG, EMG and footswitch data were pre-processed as reported in Roeder et al. 22 In short, electrophysiological data were normalized to unit variance and segments with excessive noise (large-amplitude movement artifacts, EMG activity) were removed.""","- ""Independent components containing eye blink, muscle, or movement artifacts were removed from the data.""
  - ""Finally, we calculated bipolar EEG montages to assess cortical activity from bilateral sensorimotor cortices: C3-F3 for the left sensorimotor cortex, and C4-F4 for the right sensorimotor cortex.""","- ""Independent components containing eye blink, muscle, or movement artifacts were removed from the data.""","- ""Independent components containing eye blink, muscle, or movement artifacts were removed from the data.""",PMC10897916.pdf,
Control of Movement Gait speed-related changes in electrocortical activity in younger and older adults,"Salminen, J., et al., 2025",HA,Treadmill walking,1 Hz (À6 dB at 0.5 Hz),No,,"Dipole/residual-variance, ICLabel","keep IC if P(brain) > 0.5, residual variance < 15%","- ""Raw data from all channel types (EEG, noise, EMG) were first highpass filtered at 1 Hz (À6 dB at 0.5 Hz) to remove drift (eegfiltnew).""
  - ""The CleanLine plugin was applied to all data to remove 60-Hz and 120-Hz powerline noise.""
  - ""Additionally, a 20-Hz low-pass filter was applied to the EMG channels (eegfiltnew).""","- ""we used the iCanClean algorithm (45,52) to aid in removing muscle and movement artifacts from the EEG data.""
  - ""EEG data were cleaned with the noise sensors with a 4-s moving window and an R 2 threshold of 0.65.""
  - ""After motion artifact removal, the dual-layer noise sensors were removed from further analysis.""
  - ""the clean_artifacts function in EEGLAB was applied to the EEG data to further remove bad channels and time frames.""
  - ""We performed time-frequency decompositions for select brain areas.""
  - ""Time-frequency data were then cleaned of muscle artifacts by spectral principal component analysis (23).""
  - ""We used a modified spectral principal component analysis to remove musclelike artifacts from the power spectral density (62).""","- ""we used the iCanClean algorithm (45,52) to aid in removing muscle and movement artifacts from the EEG data. EEG data were cleaned with the noise sensors with a 4-s moving window and an R 2 threshold of 0.65.""
  - ""the clean_artifacts function in EEGLAB was applied to the EEG data to further remove bad channels and time frames. Default parameters were used except for a chan_crit1 ¼ 0.5, wind_crit1 ¼ 0.4, and winTol ¼ [Àinf,10]""
  - ""adaptive mixtures independent component analysis (AMICA) separated the EEG data into linearly independent signals, from here on referred to as sources (54).""
  - ""We identified a subset of independent components (ICs) that were most likely to be brain sources (47). We selected ICs using these criteria: 1) a residual variance < 15%, 2) ICLabel probability of a brain source > 50%, 3) a negative slope of a best fit line of the 2-40 Hz range of the power spectral density (PSD), and 4) a high-frequency (>30 Hz) or low-frequency (<8 Hz) channel coupling of 0.3 as determined by the PowPowCat toolbox (48).""","- ""We identified a subset of independent components (ICs) that were most likely to be brain sources (47). We selected ICs using these criteria: 1) a residual variance < 15%, 2) ICLabel probability of a brain source > 50%, 3) a negative slope of a best fit line of the 2-40 Hz range of the power spectral density (PSD), and 4) a high-frequency (>30 Hz) or low-frequency (<8 Hz) channel coupling of 0.3 as determined by the PowPowCat toolbox (48). All IC rejection was entirely automated.""
  - ""Subjects who had <5 ICs after rejection were removed from further analysis (10 subjects removed). In the new cohort of subjects, we retained a mean of 13 (range 6 to 28) ICs per participant.""","- ""We identified a subset of independent components (ICs) that were most likely to be brain sources (47). We selected ICs using these criteria: 1) a residual variance < 15%, 2) ICLabel probability of a brain source > 50%, 3) a negative slope of a best fit line of the 2-40 Hz range of the power spectral density (PSD), and 4) a high-frequency (>30 Hz) or low-frequency (<8 Hz) channel coupling of 0.3 as determined by the PowPowCat toolbox (48).""
  - ""All IC rejection was entirely automated.""",PMID_40272781.pdf,
